2026-07-31T09:00:00.000Z ERROR [payment-service-1] HTTP 503 Service Unavailable reqId=REQ-200000 endpoint=/api/payments cause=Backend unavailable latency=120ms cpu=35%
2026-07-31T09:00:00.300Z INFO  [payment-service-2] LOAD request completed reqId=REQ-200001 endpoint=/api/payments status=200 latency=129ms cpu=36% memory=1405MB dbTime=26ms activeThreads=41
2026-07-31T09:00:00.600Z INFO  [payment-service-3] LOAD request completed reqId=REQ-200002 endpoint=/api/payments/search status=200 latency=138ms cpu=37% memory=1410MB dbTime=27ms activeThreads=42
2026-07-31T09:00:00.900Z INFO  [payment-service-4] LOAD request completed reqId=REQ-200003 endpoint=/api/accounts status=200 latency=147ms cpu=38% memory=1415MB dbTime=28ms activeThreads=43
2026-07-31T09:00:01.200Z INFO  [payment-service-1] LOAD request completed reqId=REQ-200004 endpoint=/api/login status=200 latency=156ms cpu=39% memory=1420MB dbTime=29ms activeThreads=44
2026-07-31T09:00:01.500Z INFO  [payment-service-2] LOAD request completed reqId=REQ-200005 endpoint=/api/payments status=200 latency=165ms cpu=40% memory=1425MB dbTime=30ms activeThreads=45
2026-07-31T09:00:01.800Z INFO  [payment-service-3] LOAD request completed reqId=REQ-200006 endpoint=/api/payments/search status=200 latency=174ms cpu=41% memory=1430MB dbTime=31ms activeThreads=46
2026-07-31T09:00:02.100Z INFO  [payment-service-4] LOAD request completed reqId=REQ-200007 endpoint=/api/accounts status=200 latency=183ms cpu=42% memory=1435MB dbTime=32ms activeThreads=47
2026-07-31T09:00:02.400Z INFO  [payment-service-1] LOAD request completed reqId=REQ-200008 endpoint=/api/login status=200 latency=192ms cpu=43% memory=1440MB dbTime=33ms activeThreads=48
2026-07-31T09:00:02.700Z INFO  [payment-service-2] LOAD request completed reqId=REQ-200009 endpoint=/api/payments status=200 latency=201ms cpu=44% memory=1445MB dbTime=34ms activeThreads=49
2026-07-31T09:00:03.000Z INFO  [payment-service-3] LOAD request completed reqId=REQ-200010 endpoint=/api/payments/search status=200 latency=210ms cpu=45% memory=1450MB dbTime=35ms activeThreads=50
2026-07-31T09:00:03.300Z INFO  [payment-service-4] LOAD request completed reqId=REQ-200011 endpoint=/api/accounts status=200 latency=219ms cpu=46% memory=1455MB dbTime=36ms activeThreads=51
2026-07-31T09:00:03.600Z INFO  [payment-service-1] LOAD request completed reqId=REQ-200012 endpoint=/api/login status=200 latency=228ms cpu=47% memory=1460MB dbTime=37ms activeThreads=52
2026-07-31T09:00:03.900Z INFO  [payment-service-2] LOAD request completed reqId=REQ-200013 endpoint=/api/payments status=200 latency=237ms cpu=48% memory=1465MB dbTime=38ms activeThreads=53
2026-07-31T09:00:04.200Z INFO  [payment-service-3] LOAD request completed reqId=REQ-200014 endpoint=/api/payments/search status=200 latency=246ms cpu=49% memory=1470MB dbTime=39ms activeThreads=54
2026-07-31T09:00:04.500Z INFO  [payment-service-4] LOAD request completed reqId=REQ-200015 endpoint=/api/accounts status=200 latency=255ms cpu=50% memory=1475MB dbTime=40ms activeThreads=55
2026-07-31T09:00:04.800Z INFO  [payment-service-1] LOAD request completed reqId=REQ-200016 endpoint=/api/login status=200 latency=264ms cpu=51% memory=1480MB dbTime=41ms activeThreads=56
2026-07-31T09:00:05.100Z INFO  [payment-service-2] LOAD request completed reqId=REQ-200017 endpoint=/api/payments status=200 latency=273ms cpu=52% memory=1485MB dbTime=42ms activeThreads=57
2026-07-31T09:00:05.400Z INFO  [payment-service-3] LOAD request completed reqId=REQ-200018 endpoint=/api/payments/search status=200 latency=282ms cpu=53% memory=1490MB dbTime=43ms activeThreads=58
2026-07-31T09:00:05.700Z INFO  [payment-service-4] LOAD request completed reqId=REQ-200019 endpoint=/api/accounts status=200 latency=291ms cpu=54% memory=1495MB dbTime=44ms activeThreads=59
2026-07-31T09:00:06.000Z INFO  [payment-service-1] LOAD request completed reqId=REQ-200020 endpoint=/api/login status=200 latency=300ms cpu=55% memory=1500MB dbTime=45ms activeThreads=60
2026-07-31T09:00:06.300Z INFO  [payment-service-2] LOAD request completed reqId=REQ-200021 endpoint=/api/payments status=200 latency=309ms cpu=56% memory=1505MB dbTime=46ms activeThreads=61
2026-07-31T09:00:06.600Z INFO  [payment-service-3] LOAD request completed reqId=REQ-200022 endpoint=/api/payments/search status=200 latency=318ms cpu=57% memory=1510MB dbTime=47ms activeThreads=62
2026-07-31T09:00:06.900Z INFO  [payment-service-4] LOAD request completed reqId=REQ-200023 endpoint=/api/accounts status=200 latency=327ms cpu=58% memory=1515MB dbTime=48ms activeThreads=63
2026-07-31T09:00:07.200Z INFO  [payment-service-1] LOAD request completed reqId=REQ-200024 endpoint=/api/login status=200 latency=336ms cpu=59% memory=1520MB dbTime=49ms activeThreads=64
2026-07-31T09:00:07.500Z INFO  [payment-service-2] LOAD request completed reqId=REQ-200025 endpoint=/api/payments status=200 latency=345ms cpu=60% memory=1525MB dbTime=50ms activeThreads=65
2026-07-31T09:00:07.800Z INFO  [payment-service-3] LOAD request completed reqId=REQ-200026 endpoint=/api/payments/search status=200 latency=354ms cpu=61% memory=1530MB dbTime=51ms activeThreads=66
2026-07-31T09:00:08.100Z INFO  [payment-service-4] LOAD request completed reqId=REQ-200027 endpoint=/api/accounts status=200 latency=363ms cpu=62% memory=1535MB dbTime=52ms activeThreads=67
2026-07-31T09:00:08.400Z INFO  [payment-service-1] LOAD request completed reqId=REQ-200028 endpoint=/api/login status=200 latency=372ms cpu=63% memory=1540MB dbTime=53ms activeThreads=68
2026-07-31T09:00:08.700Z INFO  [payment-service-2] LOAD request completed reqId=REQ-200029 endpoint=/api/payments status=200 latency=381ms cpu=64% memory=1545MB dbTime=54ms activeThreads=69
2026-07-31T09:00:09.000Z INFO  [payment-service-3] LOAD request completed reqId=REQ-200030 endpoint=/api/payments/search status=200 latency=390ms cpu=65% memory=1550MB dbTime=55ms activeThreads=70
2026-07-31T09:00:09.300Z WARN  [payment-service-4] Full GC pause duration=931ms heapUsed=1555MB
2026-07-31T09:00:09.600Z INFO  [payment-service-1] LOAD request completed reqId=REQ-200032 endpoint=/api/login status=200 latency=408ms cpu=67% memory=1560MB dbTime=57ms activeThreads=72
2026-07-31T09:00:09.900Z INFO  [payment-service-2] LOAD request completed reqId=REQ-200033 endpoint=/api/payments status=200 latency=417ms cpu=68% memory=1565MB dbTime=58ms activeThreads=73
2026-07-31T09:00:10.200Z INFO  [payment-service-3] LOAD request completed reqId=REQ-200034 endpoint=/api/payments/search status=200 latency=426ms cpu=69% memory=1570MB dbTime=59ms activeThreads=74
2026-07-31T09:00:10.500Z INFO  [payment-service-4] LOAD request completed reqId=REQ-200035 endpoint=/api/accounts status=200 latency=435ms cpu=70% memory=1575MB dbTime=60ms activeThreads=75
2026-07-31T09:00:10.800Z INFO  [payment-service-1] LOAD request completed reqId=REQ-200036 endpoint=/api/login status=200 latency=444ms cpu=71% memory=1580MB dbTime=61ms activeThreads=76
2026-07-31T09:00:11.100Z INFO  [payment-service-2] LOAD request completed reqId=REQ-200037 endpoint=/api/payments status=200 latency=453ms cpu=72% memory=1585MB dbTime=62ms activeThreads=77
2026-07-31T09:00:11.400Z INFO  [payment-service-3] LOAD request completed reqId=REQ-200038 endpoint=/api/payments/search status=200 latency=462ms cpu=73% memory=1590MB dbTime=63ms activeThreads=78
2026-07-31T09:00:11.700Z INFO  [payment-service-4] LOAD request completed reqId=REQ-200039 endpoint=/api/accounts status=200 latency=471ms cpu=74% memory=1595MB dbTime=64ms activeThreads=79
2026-07-31T09:00:12.000Z INFO  [payment-service-1] LOAD request completed reqId=REQ-200040 endpoint=/api/login status=200 latency=480ms cpu=75% memory=1600MB dbTime=65ms activeThreads=80
2026-07-31T09:00:12.300Z INFO  [payment-service-2] LOAD request completed reqId=REQ-200041 endpoint=/api/payments status=200 latency=489ms cpu=76% memory=1605MB dbTime=66ms activeThreads=81
2026-07-31T09:00:12.600Z INFO  [payment-service-3] LOAD request completed reqId=REQ-200042 endpoint=/api/payments/search status=200 latency=498ms cpu=77% memory=1610MB dbTime=67ms activeThreads=82
2026-07-31T09:00:12.900Z WARN  [payment-service-4] Response time exceeded SLA endpoint=/api/payments latency=507ms threshold=1000ms cpu=78%
2026-07-31T09:00:13.200Z INFO  [payment-service-1] LOAD request completed reqId=REQ-200044 endpoint=/api/login status=200 latency=516ms cpu=79% memory=1620MB dbTime=69ms activeThreads=84
2026-07-31T09:00:13.500Z INFO  [payment-service-2] LOAD request completed reqId=REQ-200045 endpoint=/api/payments status=200 latency=525ms cpu=80% memory=1625MB dbTime=70ms activeThreads=85
2026-07-31T09:00:13.800Z INFO  [payment-service-3] LOAD request completed reqId=REQ-200046 endpoint=/api/payments/search status=200 latency=534ms cpu=81% memory=1630MB dbTime=71ms activeThreads=86
2026-07-31T09:00:14.100Z INFO  [payment-service-4] LOAD request completed reqId=REQ-200047 endpoint=/api/accounts status=200 latency=543ms cpu=82% memory=1635MB dbTime=72ms activeThreads=87
2026-07-31T09:00:14.400Z INFO  [payment-service-1] LOAD request completed reqId=REQ-200048 endpoint=/api/login status=200 latency=552ms cpu=83% memory=1640MB dbTime=73ms activeThreads=88
2026-07-31T09:00:14.700Z INFO  [payment-service-2] LOAD request completed reqId=REQ-200049 endpoint=/api/payments status=200 latency=561ms cpu=84% memory=1645MB dbTime=74ms activeThreads=89
2026-07-31T09:00:15.000Z INFO  [payment-service-3] LOAD request completed reqId=REQ-200050 endpoint=/api/payments/search status=200 latency=570ms cpu=85% memory=1650MB dbTime=75ms activeThreads=90
2026-07-31T09:00:15.300Z INFO  [payment-service-4] LOAD request completed reqId=REQ-200051 endpoint=/api/accounts status=200 latency=579ms cpu=86% memory=1655MB dbTime=76ms activeThreads=91
2026-07-31T09:00:15.600Z INFO  [payment-service-1] LOAD request completed reqId=REQ-200052 endpoint=/api/login status=200 latency=588ms cpu=87% memory=1660MB dbTime=77ms activeThreads=92
2026-07-31T09:00:15.900Z INFO  [payment-service-2] LOAD request completed reqId=REQ-200053 endpoint=/api/payments status=200 latency=597ms cpu=88% memory=1665MB dbTime=78ms activeThreads=93
2026-07-31T09:00:16.200Z INFO  [payment-service-3] LOAD request completed reqId=REQ-200054 endpoint=/api/payments/search status=200 latency=606ms cpu=89% memory=1670MB dbTime=79ms activeThreads=94
2026-07-31T09:00:16.500Z INFO  [payment-service-4] LOAD request completed reqId=REQ-200055 endpoint=/api/accounts status=200 latency=615ms cpu=90% memory=1675MB dbTime=80ms activeThreads=95
2026-07-31T09:00:16.800Z INFO  [payment-service-1] LOAD request completed reqId=REQ-200056 endpoint=/api/login status=200 latency=624ms cpu=91% memory=1680MB dbTime=81ms activeThreads=96
2026-07-31T09:00:17.100Z INFO  [payment-service-2] LOAD request completed reqId=REQ-200057 endpoint=/api/payments status=200 latency=633ms cpu=92% memory=1685MB dbTime=82ms activeThreads=97
2026-07-31T09:00:17.400Z INFO  [payment-service-3] LOAD request completed reqId=REQ-200058 endpoint=/api/payments/search status=200 latency=642ms cpu=93% memory=1690MB dbTime=83ms activeThreads=98
2026-07-31T09:00:17.700Z ERROR [payment-service-4] Kubernetes Liveness probe failed. Container restarting restartCount=1
2026-07-31T09:00:18.000Z INFO  [payment-service-1] LOAD request completed reqId=REQ-200060 endpoint=/api/login status=200 latency=660ms cpu=35% memory=1700MB dbTime=85ms activeThreads=100
2026-07-31T09:00:18.300Z INFO  [payment-service-2] LOAD request completed reqId=REQ-200061 endpoint=/api/payments status=200 latency=669ms cpu=36% memory=1705MB dbTime=86ms activeThreads=101
2026-07-31T09:00:18.600Z WARN  [payment-service-3] Full GC pause duration=962ms heapUsed=1710MB
2026-07-31T09:00:18.900Z INFO  [payment-service-4] LOAD request completed reqId=REQ-200063 endpoint=/api/accounts status=200 latency=687ms cpu=38% memory=1715MB dbTime=88ms activeThreads=103
2026-07-31T09:00:19.200Z INFO  [payment-service-1] LOAD request completed reqId=REQ-200064 endpoint=/api/login status=200 latency=696ms cpu=39% memory=1720MB dbTime=89ms activeThreads=104
2026-07-31T09:00:19.500Z INFO  [payment-service-2] LOAD request completed reqId=REQ-200065 endpoint=/api/payments status=200 latency=705ms cpu=40% memory=1725MB dbTime=90ms activeThreads=105
2026-07-31T09:00:19.800Z INFO  [payment-service-3] LOAD request completed reqId=REQ-200066 endpoint=/api/payments/search status=200 latency=714ms cpu=41% memory=1730MB dbTime=91ms activeThreads=106
2026-07-31T09:00:20.100Z INFO  [payment-service-4] LOAD request completed reqId=REQ-200067 endpoint=/api/accounts status=200 latency=723ms cpu=42% memory=1735MB dbTime=92ms activeThreads=107
2026-07-31T09:00:20.400Z INFO  [payment-service-1] LOAD request completed reqId=REQ-200068 endpoint=/api/login status=200 latency=732ms cpu=43% memory=1740MB dbTime=93ms activeThreads=108
2026-07-31T09:00:20.700Z INFO  [payment-service-2] LOAD request completed reqId=REQ-200069 endpoint=/api/payments status=200 latency=741ms cpu=44% memory=1745MB dbTime=94ms activeThreads=109
2026-07-31T09:00:21.000Z INFO  [payment-service-3] LOAD request completed reqId=REQ-200070 endpoint=/api/payments/search status=200 latency=750ms cpu=45% memory=1750MB dbTime=95ms activeThreads=110
2026-07-31T09:00:21.300Z ERROR [payment-service-4] OutOfMemoryError: Java heap space heapUsed=1755MB heapMax=4096MB
2026-07-31T09:00:21.600Z INFO  [payment-service-1] LOAD request completed reqId=REQ-200072 endpoint=/api/login status=200 latency=768ms cpu=47% memory=1760MB dbTime=97ms activeThreads=112
2026-07-31T09:00:21.900Z INFO  [payment-service-2] LOAD request completed reqId=REQ-200073 endpoint=/api/payments status=200 latency=777ms cpu=48% memory=1765MB dbTime=98ms activeThreads=113
2026-07-31T09:00:22.200Z INFO  [payment-service-3] LOAD request completed reqId=REQ-200074 endpoint=/api/payments/search status=200 latency=786ms cpu=49% memory=1770MB dbTime=99ms activeThreads=114
2026-07-31T09:00:22.500Z INFO  [payment-service-4] LOAD request completed reqId=REQ-200075 endpoint=/api/accounts status=200 latency=795ms cpu=50% memory=1775MB dbTime=100ms activeThreads=115
2026-07-31T09:00:22.800Z INFO  [payment-service-1] LOAD request completed reqId=REQ-200076 endpoint=/api/login status=200 latency=804ms cpu=51% memory=1780MB dbTime=101ms activeThreads=116
2026-07-31T09:00:23.100Z INFO  [payment-service-2] LOAD request completed reqId=REQ-200077 endpoint=/api/payments status=200 latency=813ms cpu=52% memory=1785MB dbTime=102ms activeThreads=117
2026-07-31T09:00:23.400Z INFO  [payment-service-3] LOAD request completed reqId=REQ-200078 endpoint=/api/payments/search status=200 latency=822ms cpu=53% memory=1790MB dbTime=103ms activeThreads=118
2026-07-31T09:00:23.700Z INFO  [payment-service-4] LOAD request completed reqId=REQ-200079 endpoint=/api/accounts status=200 latency=831ms cpu=54% memory=1795MB dbTime=104ms activeThreads=119
2026-07-31T09:00:24.000Z INFO  [payment-service-1] LOAD request completed reqId=REQ-200080 endpoint=/api/login status=200 latency=840ms cpu=55% memory=1800MB dbTime=25ms activeThreads=120
2026-07-31T09:00:24.300Z INFO  [payment-service-2] LOAD request completed reqId=REQ-200081 endpoint=/api/payments status=200 latency=849ms cpu=56% memory=1805MB dbTime=26ms activeThreads=121
2026-07-31T09:00:24.600Z INFO  [payment-service-3] LOAD request completed reqId=REQ-200082 endpoint=/api/payments/search status=200 latency=858ms cpu=57% memory=1810MB dbTime=27ms activeThreads=122
2026-07-31T09:00:24.900Z ERROR [payment-service-4] java.sql.SQLTransientConnectionException: HikariPool-1 - Connection is not available, request timed out after 30000ms reqId=REQ-200083
2026-07-31T09:00:25.200Z INFO  [payment-service-1] LOAD request completed reqId=REQ-200084 endpoint=/api/login status=200 latency=876ms cpu=59% memory=1820MB dbTime=29ms activeThreads=124
2026-07-31T09:00:25.500Z INFO  [payment-service-2] LOAD request completed reqId=REQ-200085 endpoint=/api/payments status=200 latency=885ms cpu=60% memory=1825MB dbTime=30ms activeThreads=125
2026-07-31T09:00:25.800Z WARN  [payment-service-3] Response time exceeded SLA endpoint=/api/payments latency=894ms threshold=1000ms cpu=61%
2026-07-31T09:00:26.100Z INFO  [payment-service-4] LOAD request completed reqId=REQ-200087 endpoint=/api/accounts status=200 latency=903ms cpu=62% memory=1835MB dbTime=32ms activeThreads=127
2026-07-31T09:00:26.400Z INFO  [payment-service-1] LOAD request completed reqId=REQ-200088 endpoint=/api/login status=200 latency=912ms cpu=63% memory=1840MB dbTime=33ms activeThreads=128
2026-07-31T09:00:26.700Z INFO  [payment-service-2] LOAD request completed reqId=REQ-200089 endpoint=/api/payments status=200 latency=921ms cpu=64% memory=1845MB dbTime=34ms activeThreads=129
2026-07-31T09:00:27.000Z INFO  [payment-service-3] LOAD request completed reqId=REQ-200090 endpoint=/api/payments/search status=200 latency=930ms cpu=65% memory=1850MB dbTime=35ms activeThreads=130
2026-07-31T09:00:27.300Z INFO  [payment-service-4] LOAD request completed reqId=REQ-200091 endpoint=/api/accounts status=200 latency=939ms cpu=66% memory=1855MB dbTime=36ms activeThreads=131
2026-07-31T09:00:27.600Z INFO  [payment-service-1] LOAD request completed reqId=REQ-200092 endpoint=/api/login status=200 latency=948ms cpu=67% memory=1860MB dbTime=37ms activeThreads=132
2026-07-31T09:00:27.900Z WARN  [payment-service-2] Full GC pause duration=993ms heapUsed=1865MB
2026-07-31T09:00:28.200Z INFO  [payment-service-3] LOAD request completed reqId=REQ-200094 endpoint=/api/payments/search status=200 latency=966ms cpu=69% memory=1870MB dbTime=39ms activeThreads=134
2026-07-31T09:00:28.500Z INFO  [payment-service-4] LOAD request completed reqId=REQ-200095 endpoint=/api/accounts status=200 latency=975ms cpu=70% memory=1875MB dbTime=40ms activeThreads=135
2026-07-31T09:00:28.800Z INFO  [payment-service-1] LOAD request completed reqId=REQ-200096 endpoint=/api/login status=200 latency=984ms cpu=71% memory=1880MB dbTime=41ms activeThreads=136
2026-07-31T09:00:29.100Z ERROR [payment-service-2] HTTP 503 Service Unavailable reqId=REQ-200097 endpoint=/api/payments cause=Backend unavailable latency=993ms cpu=72%
2026-07-31T09:00:29.400Z INFO  [payment-service-3] LOAD request completed reqId=REQ-200098 endpoint=/api/payments/search status=200 latency=1002ms cpu=73% memory=1890MB dbTime=43ms activeThreads=138
2026-07-31T09:00:29.700Z INFO  [payment-service-4] LOAD request completed reqId=REQ-200099 endpoint=/api/accounts status=200 latency=1011ms cpu=74% memory=1895MB dbTime=44ms activeThreads=139
2026-07-31T09:00:30.000Z INFO  [payment-service-1] LOAD request completed reqId=REQ-200100 endpoint=/api/login status=200 latency=1020ms cpu=75% memory=1900MB dbTime=45ms activeThreads=140
2026-07-31T09:00:30.300Z INFO  [payment-service-2] LOAD request completed reqId=REQ-200101 endpoint=/api/payments status=200 latency=1029ms cpu=76% memory=1905MB dbTime=46ms activeThreads=141
2026-07-31T09:00:30.600Z INFO  [payment-service-3] LOAD request completed reqId=REQ-200102 endpoint=/api/payments/search status=200 latency=1038ms cpu=77% memory=1910MB dbTime=47ms activeThreads=142
2026-07-31T09:00:30.900Z INFO  [payment-service-4] LOAD request completed reqId=REQ-200103 endpoint=/api/accounts status=200 latency=1047ms cpu=78% memory=1915MB dbTime=48ms activeThreads=143
2026-07-31T09:00:31.200Z INFO  [payment-service-1] LOAD request completed reqId=REQ-200104 endpoint=/api/login status=200 latency=1056ms cpu=79% memory=1920MB dbTime=49ms activeThreads=144
2026-07-31T09:00:31.500Z INFO  [payment-service-2] LOAD request completed reqId=REQ-200105 endpoint=/api/payments status=200 latency=1065ms cpu=80% memory=1925MB dbTime=50ms activeThreads=145
2026-07-31T09:00:31.800Z INFO  [payment-service-3] LOAD request completed reqId=REQ-200106 endpoint=/api/payments/search status=200 latency=1074ms cpu=81% memory=1930MB dbTime=51ms activeThreads=146
2026-07-31T09:00:32.100Z INFO  [payment-service-4] LOAD request completed reqId=REQ-200107 endpoint=/api/accounts status=200 latency=1083ms cpu=82% memory=1935MB dbTime=52ms activeThreads=147
2026-07-31T09:00:32.400Z INFO  [payment-service-1] LOAD request completed reqId=REQ-200108 endpoint=/api/login status=200 latency=1092ms cpu=83% memory=1940MB dbTime=53ms activeThreads=148
2026-07-31T09:00:32.700Z INFO  [payment-service-2] LOAD request completed reqId=REQ-200109 endpoint=/api/payments status=200 latency=1101ms cpu=84% memory=1945MB dbTime=54ms activeThreads=149
2026-07-31T09:00:33.000Z INFO  [payment-service-3] LOAD request completed reqId=REQ-200110 endpoint=/api/payments/search status=200 latency=1110ms cpu=85% memory=1950MB dbTime=55ms activeThreads=150
2026-07-31T09:00:33.300Z INFO  [payment-service-4] LOAD request completed reqId=REQ-200111 endpoint=/api/accounts status=200 latency=1119ms cpu=86% memory=1955MB dbTime=56ms activeThreads=151
2026-07-31T09:00:33.600Z INFO  [payment-service-1] LOAD request completed reqId=REQ-200112 endpoint=/api/login status=200 latency=1128ms cpu=87% memory=1960MB dbTime=57ms activeThreads=152
2026-07-31T09:00:33.900Z INFO  [payment-service-2] LOAD request completed reqId=REQ-200113 endpoint=/api/payments status=200 latency=1137ms cpu=88% memory=1965MB dbTime=58ms activeThreads=153
2026-07-31T09:00:34.200Z INFO  [payment-service-3] LOAD request completed reqId=REQ-200114 endpoint=/api/payments/search status=200 latency=1146ms cpu=89% memory=1970MB dbTime=59ms activeThreads=154
2026-07-31T09:00:34.500Z INFO  [payment-service-4] LOAD request completed reqId=REQ-200115 endpoint=/api/accounts status=200 latency=1155ms cpu=90% memory=1975MB dbTime=60ms activeThreads=155
2026-07-31T09:00:34.800Z INFO  [payment-service-1] LOAD request completed reqId=REQ-200116 endpoint=/api/login status=200 latency=1164ms cpu=91% memory=1980MB dbTime=61ms activeThreads=156
2026-07-31T09:00:35.100Z INFO  [payment-service-2] LOAD request completed reqId=REQ-200117 endpoint=/api/payments status=200 latency=1173ms cpu=92% memory=1985MB dbTime=62ms activeThreads=157
2026-07-31T09:00:35.400Z ERROR [payment-service-3] Kubernetes Liveness probe failed. Container restarting restartCount=2
2026-07-31T09:00:35.700Z INFO  [payment-service-4] LOAD request completed reqId=REQ-200119 endpoint=/api/accounts status=200 latency=1191ms cpu=94% memory=1995MB dbTime=64ms activeThreads=159
2026-07-31T09:00:36.000Z INFO  [payment-service-1] LOAD request completed reqId=REQ-200120 endpoint=/api/login status=200 latency=1200ms cpu=35% memory=2000MB dbTime=65ms activeThreads=160
2026-07-31T09:00:36.300Z INFO  [payment-service-2] LOAD request completed reqId=REQ-200121 endpoint=/api/payments status=200 latency=1209ms cpu=36% memory=2005MB dbTime=66ms activeThreads=161
2026-07-31T09:00:36.600Z INFO  [payment-service-3] LOAD request completed reqId=REQ-200122 endpoint=/api/payments/search status=200 latency=1218ms cpu=37% memory=2010MB dbTime=67ms activeThreads=162
2026-07-31T09:00:36.900Z INFO  [payment-service-4] LOAD request completed reqId=REQ-200123 endpoint=/api/accounts status=200 latency=1227ms cpu=38% memory=2015MB dbTime=68ms activeThreads=163
2026-07-31T09:00:37.200Z WARN  [payment-service-1] Full GC pause duration=1024ms heapUsed=2020MB
2026-07-31T09:00:37.500Z INFO  [payment-service-2] LOAD request completed reqId=REQ-200125 endpoint=/api/payments status=200 latency=1245ms cpu=40% memory=2025MB dbTime=70ms activeThreads=165
2026-07-31T09:00:37.800Z INFO  [payment-service-3] LOAD request completed reqId=REQ-200126 endpoint=/api/payments/search status=200 latency=1254ms cpu=41% memory=2030MB dbTime=71ms activeThreads=166
2026-07-31T09:00:38.100Z INFO  [payment-service-4] LOAD request completed reqId=REQ-200127 endpoint=/api/accounts status=200 latency=1263ms cpu=42% memory=2035MB dbTime=72ms activeThreads=167
2026-07-31T09:00:38.400Z INFO  [payment-service-1] LOAD request completed reqId=REQ-200128 endpoint=/api/login status=200 latency=1272ms cpu=43% memory=2040MB dbTime=73ms activeThreads=168
2026-07-31T09:00:38.700Z WARN  [payment-service-2] Response time exceeded SLA endpoint=/api/payments latency=1281ms threshold=1000ms cpu=44%
2026-07-31T09:00:39.000Z INFO  [payment-service-3] LOAD request completed reqId=REQ-200130 endpoint=/api/payments/search status=200 latency=1290ms cpu=45% memory=2050MB dbTime=75ms activeThreads=170
2026-07-31T09:00:39.300Z INFO  [payment-service-4] LOAD request completed reqId=REQ-200131 endpoint=/api/accounts status=200 latency=1299ms cpu=46% memory=2055MB dbTime=76ms activeThreads=171
2026-07-31T09:00:39.600Z INFO  [payment-service-1] LOAD request completed reqId=REQ-200132 endpoint=/api/login status=200 latency=1308ms cpu=47% memory=2060MB dbTime=77ms activeThreads=172
2026-07-31T09:00:39.900Z INFO  [payment-service-2] LOAD request completed reqId=REQ-200133 endpoint=/api/payments status=200 latency=1317ms cpu=48% memory=2065MB dbTime=78ms activeThreads=173
2026-07-31T09:00:40.200Z INFO  [payment-service-3] LOAD request completed reqId=REQ-200134 endpoint=/api/payments/search status=200 latency=1326ms cpu=49% memory=2070MB dbTime=79ms activeThreads=174
2026-07-31T09:00:40.500Z INFO  [payment-service-4] LOAD request completed reqId=REQ-200135 endpoint=/api/accounts status=200 latency=1335ms cpu=50% memory=2075MB dbTime=80ms activeThreads=175
2026-07-31T09:00:40.800Z INFO  [payment-service-1] LOAD request completed reqId=REQ-200136 endpoint=/api/login status=200 latency=1344ms cpu=51% memory=2080MB dbTime=81ms activeThreads=176
2026-07-31T09:00:41.100Z INFO  [payment-service-2] LOAD request completed reqId=REQ-200137 endpoint=/api/payments status=200 latency=1353ms cpu=52% memory=2085MB dbTime=82ms activeThreads=177
2026-07-31T09:00:41.400Z INFO  [payment-service-3] LOAD request completed reqId=REQ-200138 endpoint=/api/payments/search status=200 latency=1362ms cpu=53% memory=2090MB dbTime=83ms activeThreads=178
2026-07-31T09:00:41.700Z INFO  [payment-service-4] LOAD request completed reqId=REQ-200139 endpoint=/api/accounts status=200 latency=1371ms cpu=54% memory=2095MB dbTime=84ms activeThreads=179
2026-07-31T09:00:42.000Z INFO  [payment-service-1] LOAD request completed reqId=REQ-200140 endpoint=/api/login status=200 latency=1380ms cpu=55% memory=2100MB dbTime=85ms activeThreads=180
2026-07-31T09:00:42.300Z INFO  [payment-service-2] LOAD request completed reqId=REQ-200141 endpoint=/api/payments status=200 latency=1389ms cpu=56% memory=2105MB dbTime=86ms activeThreads=181
2026-07-31T09:00:42.600Z ERROR [payment-service-3] OutOfMemoryError: Java heap space heapUsed=2110MB heapMax=4096MB
2026-07-31T09:00:42.900Z INFO  [payment-service-4] LOAD request completed reqId=REQ-200143 endpoint=/api/accounts status=200 latency=1407ms cpu=58% memory=2115MB dbTime=88ms activeThreads=183
2026-07-31T09:00:43.200Z INFO  [payment-service-1] LOAD request completed reqId=REQ-200144 endpoint=/api/login status=200 latency=1416ms cpu=59% memory=2120MB dbTime=89ms activeThreads=184
2026-07-31T09:00:43.500Z INFO  [payment-service-2] LOAD request completed reqId=REQ-200145 endpoint=/api/payments status=200 latency=1425ms cpu=60% memory=2125MB dbTime=90ms activeThreads=185
2026-07-31T09:00:43.800Z INFO  [payment-service-3] LOAD request completed reqId=REQ-200146 endpoint=/api/payments/search status=200 latency=1434ms cpu=61% memory=2130MB dbTime=91ms activeThreads=186
2026-07-31T09:00:44.100Z INFO  [payment-service-4] LOAD request completed reqId=REQ-200147 endpoint=/api/accounts status=200 latency=1443ms cpu=62% memory=2135MB dbTime=92ms activeThreads=187
2026-07-31T09:00:44.400Z INFO  [payment-service-1] LOAD request completed reqId=REQ-200148 endpoint=/api/login status=200 latency=1452ms cpu=63% memory=2140MB dbTime=93ms activeThreads=188
2026-07-31T09:00:44.700Z INFO  [payment-service-2] LOAD request completed reqId=REQ-200149 endpoint=/api/payments status=200 latency=1461ms cpu=64% memory=2145MB dbTime=94ms activeThreads=189
2026-07-31T09:00:45.000Z INFO  [payment-service-3] LOAD request completed reqId=REQ-200150 endpoint=/api/payments/search status=200 latency=1470ms cpu=65% memory=2150MB dbTime=95ms activeThreads=40
2026-07-31T09:00:45.300Z INFO  [payment-service-4] LOAD request completed reqId=REQ-200151 endpoint=/api/accounts status=200 latency=1479ms cpu=66% memory=2155MB dbTime=96ms activeThreads=41
2026-07-31T09:00:45.600Z INFO  [payment-service-1] LOAD request completed reqId=REQ-200152 endpoint=/api/login status=200 latency=1488ms cpu=67% memory=2160MB dbTime=97ms activeThreads=42
2026-07-31T09:00:45.900Z INFO  [payment-service-2] LOAD request completed reqId=REQ-200153 endpoint=/api/payments status=200 latency=1497ms cpu=68% memory=2165MB dbTime=98ms activeThreads=43
2026-07-31T09:00:46.200Z INFO  [payment-service-3] LOAD request completed reqId=REQ-200154 endpoint=/api/payments/search status=200 latency=1506ms cpu=69% memory=2170MB dbTime=99ms activeThreads=44
2026-07-31T09:00:46.500Z WARN  [payment-service-4] Full GC pause duration=1055ms heapUsed=2175MB
2026-07-31T09:00:46.800Z INFO  [payment-service-1] LOAD request completed reqId=REQ-200156 endpoint=/api/login status=200 latency=1524ms cpu=71% memory=2180MB dbTime=101ms activeThreads=46
2026-07-31T09:00:47.100Z INFO  [payment-service-2] LOAD request completed reqId=REQ-200157 endpoint=/api/payments status=200 latency=1533ms cpu=72% memory=2185MB dbTime=102ms activeThreads=47
2026-07-31T09:00:47.400Z INFO  [payment-service-3] LOAD request completed reqId=REQ-200158 endpoint=/api/payments/search status=200 latency=1542ms cpu=73% memory=2190MB dbTime=103ms activeThreads=48
2026-07-31T09:00:47.700Z INFO  [payment-service-4] LOAD request completed reqId=REQ-200159 endpoint=/api/accounts status=200 latency=1551ms cpu=74% memory=2195MB dbTime=104ms activeThreads=49
2026-07-31T09:00:48.000Z INFO  [payment-service-1] LOAD request completed reqId=REQ-200160 endpoint=/api/login status=200 latency=1560ms cpu=75% memory=2200MB dbTime=25ms activeThreads=50
2026-07-31T09:00:48.300Z INFO  [payment-service-2] LOAD request completed reqId=REQ-200161 endpoint=/api/payments status=200 latency=1569ms cpu=76% memory=2205MB dbTime=26ms activeThreads=51
2026-07-31T09:00:48.600Z INFO  [payment-service-3] LOAD request completed reqId=REQ-200162 endpoint=/api/payments/search status=200 latency=1578ms cpu=77% memory=2210MB dbTime=27ms activeThreads=52
2026-07-31T09:00:48.900Z INFO  [payment-service-4] LOAD request completed reqId=REQ-200163 endpoint=/api/accounts status=200 latency=1587ms cpu=78% memory=2215MB dbTime=28ms activeThreads=53
2026-07-31T09:00:49.200Z INFO  [payment-service-1] LOAD request completed reqId=REQ-200164 endpoint=/api/login status=200 latency=1596ms cpu=79% memory=2220MB dbTime=29ms activeThreads=54
2026-07-31T09:00:49.500Z INFO  [payment-service-2] LOAD request completed reqId=REQ-200165 endpoint=/api/payments status=200 latency=1605ms cpu=80% memory=2225MB dbTime=30ms activeThreads=55
2026-07-31T09:00:49.800Z ERROR [payment-service-3] java.sql.SQLTransientConnectionException: HikariPool-1 - Connection is not available, request timed out after 30000ms reqId=REQ-200166
2026-07-31T09:00:50.100Z INFO  [payment-service-4] LOAD request completed reqId=REQ-200167 endpoint=/api/accounts status=200 latency=1623ms cpu=82% memory=2235MB dbTime=32ms activeThreads=57
2026-07-31T09:00:50.400Z INFO  [payment-service-1] LOAD request completed reqId=REQ-200168 endpoint=/api/login status=200 latency=1632ms cpu=83% memory=2240MB dbTime=33ms activeThreads=58
2026-07-31T09:00:50.700Z INFO  [payment-service-2] LOAD request completed reqId=REQ-200169 endpoint=/api/payments status=200 latency=1641ms cpu=84% memory=2245MB dbTime=34ms activeThreads=59
2026-07-31T09:00:51.000Z INFO  [payment-service-3] LOAD request completed reqId=REQ-200170 endpoint=/api/payments/search status=200 latency=1650ms cpu=85% memory=2250MB dbTime=35ms activeThreads=60
2026-07-31T09:00:51.300Z INFO  [payment-service-4] LOAD request completed reqId=REQ-200171 endpoint=/api/accounts status=200 latency=1659ms cpu=86% memory=2255MB dbTime=36ms activeThreads=61
2026-07-31T09:00:51.600Z WARN  [payment-service-1] Response time exceeded SLA endpoint=/api/payments latency=1668ms threshold=1000ms cpu=87%
2026-07-31T09:00:51.900Z INFO  [payment-service-2] LOAD request completed reqId=REQ-200173 endpoint=/api/payments status=200 latency=1677ms cpu=88% memory=2265MB dbTime=38ms activeThreads=63
2026-07-31T09:00:52.200Z INFO  [payment-service-3] LOAD request completed reqId=REQ-200174 endpoint=/api/payments/search status=200 latency=1686ms cpu=89% memory=2270MB dbTime=39ms activeThreads=64
2026-07-31T09:00:52.500Z INFO  [payment-service-4] LOAD request completed reqId=REQ-200175 endpoint=/api/accounts status=200 latency=1695ms cpu=90% memory=2275MB dbTime=40ms activeThreads=65
2026-07-31T09:00:52.800Z INFO  [payment-service-1] LOAD request completed reqId=REQ-200176 endpoint=/api/login status=200 latency=1704ms cpu=91% memory=2280MB dbTime=41ms activeThreads=66
2026-07-31T09:00:53.100Z ERROR [payment-service-2] Kubernetes Liveness probe failed. Container restarting restartCount=3
2026-07-31T09:00:53.400Z INFO  [payment-service-3] LOAD request completed reqId=REQ-200178 endpoint=/api/payments/search status=200 latency=1722ms cpu=93% memory=2290MB dbTime=43ms activeThreads=68
2026-07-31T09:00:53.700Z INFO  [payment-service-4] LOAD request completed reqId=REQ-200179 endpoint=/api/accounts status=200 latency=1731ms cpu=94% memory=2295MB dbTime=44ms activeThreads=69
2026-07-31T09:00:54.000Z INFO  [payment-service-1] LOAD request completed reqId=REQ-200180 endpoint=/api/login status=200 latency=1740ms cpu=35% memory=2300MB dbTime=45ms activeThreads=70
2026-07-31T09:00:54.300Z INFO  [payment-service-2] LOAD request completed reqId=REQ-200181 endpoint=/api/payments status=200 latency=1749ms cpu=36% memory=2305MB dbTime=46ms activeThreads=71
2026-07-31T09:00:54.600Z INFO  [payment-service-3] LOAD request completed reqId=REQ-200182 endpoint=/api/payments/search status=200 latency=1758ms cpu=37% memory=2310MB dbTime=47ms activeThreads=72
2026-07-31T09:00:54.900Z INFO  [payment-service-4] LOAD request completed reqId=REQ-200183 endpoint=/api/accounts status=200 latency=1767ms cpu=38% memory=2315MB dbTime=48ms activeThreads=73
2026-07-31T09:00:55.200Z INFO  [payment-service-1] LOAD request completed reqId=REQ-200184 endpoint=/api/login status=200 latency=1776ms cpu=39% memory=2320MB dbTime=49ms activeThreads=74
2026-07-31T09:00:55.500Z INFO  [payment-service-2] LOAD request completed reqId=REQ-200185 endpoint=/api/payments status=200 latency=1785ms cpu=40% memory=2325MB dbTime=50ms activeThreads=75
2026-07-31T09:00:55.800Z WARN  [payment-service-3] Full GC pause duration=1086ms heapUsed=2330MB
2026-07-31T09:00:56.100Z INFO  [payment-service-4] LOAD request completed reqId=REQ-200187 endpoint=/api/accounts status=200 latency=1803ms cpu=42% memory=2335MB dbTime=52ms activeThreads=77
2026-07-31T09:00:56.400Z INFO  [payment-service-1] LOAD request completed reqId=REQ-200188 endpoint=/api/login status=200 latency=1812ms cpu=43% memory=2340MB dbTime=53ms activeThreads=78
2026-07-31T09:00:56.700Z INFO  [payment-service-2] LOAD request completed reqId=REQ-200189 endpoint=/api/payments status=200 latency=1821ms cpu=44% memory=2345MB dbTime=54ms activeThreads=79
2026-07-31T09:00:57.000Z INFO  [payment-service-3] LOAD request completed reqId=REQ-200190 endpoint=/api/payments/search status=200 latency=1830ms cpu=45% memory=2350MB dbTime=55ms activeThreads=80
2026-07-31T09:00:57.300Z INFO  [payment-service-4] LOAD request completed reqId=REQ-200191 endpoint=/api/accounts status=200 latency=1839ms cpu=46% memory=2355MB dbTime=56ms activeThreads=81
2026-07-31T09:00:57.600Z INFO  [payment-service-1] LOAD request completed reqId=REQ-200192 endpoint=/api/login status=200 latency=1848ms cpu=47% memory=2360MB dbTime=57ms activeThreads=82
2026-07-31T09:00:57.900Z INFO  [payment-service-2] LOAD request completed reqId=REQ-200193 endpoint=/api/payments status=200 latency=1857ms cpu=48% memory=2365MB dbTime=58ms activeThreads=83
2026-07-31T09:00:58.200Z ERROR [payment-service-3] HTTP 503 Service Unavailable reqId=REQ-200194 endpoint=/api/payments cause=Backend unavailable latency=1866ms cpu=49%
2026-07-31T09:00:58.500Z INFO  [payment-service-4] LOAD request completed reqId=REQ-200195 endpoint=/api/accounts status=200 latency=1875ms cpu=50% memory=2375MB dbTime=60ms activeThreads=85
2026-07-31T09:00:58.800Z INFO  [payment-service-1] LOAD request completed reqId=REQ-200196 endpoint=/api/login status=200 latency=1884ms cpu=51% memory=2380MB dbTime=61ms activeThreads=86
2026-07-31T09:00:59.100Z INFO  [payment-service-2] LOAD request completed reqId=REQ-200197 endpoint=/api/payments status=200 latency=1893ms cpu=52% memory=2385MB dbTime=62ms activeThreads=87
2026-07-31T09:00:59.400Z INFO  [payment-service-3] LOAD request completed reqId=REQ-200198 endpoint=/api/payments/search status=200 latency=1902ms cpu=53% memory=2390MB dbTime=63ms activeThreads=88
2026-07-31T09:00:59.700Z INFO  [payment-service-4] LOAD request completed reqId=REQ-200199 endpoint=/api/accounts status=200 latency=1911ms cpu=54% memory=2395MB dbTime=64ms activeThreads=89
2026-07-31T09:01:00.000Z INFO  [payment-service-1] LOAD request completed reqId=REQ-200200 endpoint=/api/login status=200 latency=1920ms cpu=55% memory=2400MB dbTime=65ms activeThreads=90
2026-07-31T09:01:00.300Z INFO  [payment-service-2] LOAD request completed reqId=REQ-200201 endpoint=/api/payments status=200 latency=1929ms cpu=56% memory=2405MB dbTime=66ms activeThreads=91
2026-07-31T09:01:00.600Z INFO  [payment-service-3] LOAD request completed reqId=REQ-200202 endpoint=/api/payments/search status=200 latency=1938ms cpu=57% memory=2410MB dbTime=67ms activeThreads=92
2026-07-31T09:01:00.900Z INFO  [payment-service-4] LOAD request completed reqId=REQ-200203 endpoint=/api/accounts status=200 latency=1947ms cpu=58% memory=2415MB dbTime=68ms activeThreads=93
2026-07-31T09:01:01.200Z INFO  [payment-service-1] LOAD request completed reqId=REQ-200204 endpoint=/api/login status=200 latency=1956ms cpu=59% memory=2420MB dbTime=69ms activeThreads=94
2026-07-31T09:01:01.500Z INFO  [payment-service-2] LOAD request completed reqId=REQ-200205 endpoint=/api/payments status=200 latency=1965ms cpu=60% memory=2425MB dbTime=70ms activeThreads=95
2026-07-31T09:01:01.800Z INFO  [payment-service-3] LOAD request completed reqId=REQ-200206 endpoint=/api/payments/search status=200 latency=1974ms cpu=61% memory=2430MB dbTime=71ms activeThreads=96
2026-07-31T09:01:02.100Z INFO  [payment-service-4] LOAD request completed reqId=REQ-200207 endpoint=/api/accounts status=200 latency=1983ms cpu=62% memory=2435MB dbTime=72ms activeThreads=97
2026-07-31T09:01:02.400Z INFO  [payment-service-1] LOAD request completed reqId=REQ-200208 endpoint=/api/login status=200 latency=1992ms cpu=63% memory=2440MB dbTime=73ms activeThreads=98
2026-07-31T09:01:02.700Z INFO  [payment-service-2] LOAD request completed reqId=REQ-200209 endpoint=/api/payments status=200 latency=2001ms cpu=64% memory=2445MB dbTime=74ms activeThreads=99
2026-07-31T09:01:03.000Z INFO  [payment-service-3] LOAD request completed reqId=REQ-200210 endpoint=/api/payments/search status=200 latency=2010ms cpu=65% memory=2450MB dbTime=75ms activeThreads=100
2026-07-31T09:01:03.300Z INFO  [payment-service-4] LOAD request completed reqId=REQ-200211 endpoint=/api/accounts status=200 latency=2019ms cpu=66% memory=2455MB dbTime=76ms activeThreads=101
2026-07-31T09:01:03.600Z INFO  [payment-service-1] LOAD request completed reqId=REQ-200212 endpoint=/api/login status=200 latency=2028ms cpu=67% memory=2460MB dbTime=77ms activeThreads=102
2026-07-31T09:01:03.900Z ERROR [payment-service-2] OutOfMemoryError: Java heap space heapUsed=2465MB heapMax=4096MB
2026-07-31T09:01:04.200Z INFO  [payment-service-3] LOAD request completed reqId=REQ-200214 endpoint=/api/payments/search status=200 latency=2046ms cpu=69% memory=2470MB dbTime=79ms activeThreads=104
2026-07-31T09:01:04.500Z WARN  [payment-service-4] Response time exceeded SLA endpoint=/api/payments latency=2055ms threshold=1000ms cpu=70%
2026-07-31T09:01:04.800Z INFO  [payment-service-1] LOAD request completed reqId=REQ-200216 endpoint=/api/login status=200 latency=2064ms cpu=71% memory=2480MB dbTime=81ms activeThreads=106
2026-07-31T09:01:05.100Z WARN  [payment-service-2] Full GC pause duration=1117ms heapUsed=2485MB
2026-07-31T09:01:05.400Z INFO  [payment-service-3] LOAD request completed reqId=REQ-200218 endpoint=/api/payments/search status=200 latency=2082ms cpu=73% memory=2490MB dbTime=83ms activeThreads=108
2026-07-31T09:01:05.700Z INFO  [payment-service-4] LOAD request completed reqId=REQ-200219 endpoint=/api/accounts status=200 latency=2091ms cpu=74% memory=2495MB dbTime=84ms activeThreads=109
2026-07-31T09:01:06.000Z INFO  [payment-service-1] LOAD request completed reqId=REQ-200220 endpoint=/api/login status=200 latency=2100ms cpu=75% memory=2500MB dbTime=85ms activeThreads=110
2026-07-31T09:01:06.300Z INFO  [payment-service-2] LOAD request completed reqId=REQ-200221 endpoint=/api/payments status=200 latency=2109ms cpu=76% memory=2505MB dbTime=86ms activeThreads=111
2026-07-31T09:01:06.600Z INFO  [payment-service-3] LOAD request completed reqId=REQ-200222 endpoint=/api/payments/search status=200 latency=2118ms cpu=77% memory=2510MB dbTime=87ms activeThreads=112
2026-07-31T09:01:06.900Z INFO  [payment-service-4] LOAD request completed reqId=REQ-200223 endpoint=/api/accounts status=200 latency=2127ms cpu=78% memory=2515MB dbTime=88ms activeThreads=113
2026-07-31T09:01:07.200Z INFO  [payment-service-1] LOAD request completed reqId=REQ-200224 endpoint=/api/login status=200 latency=2136ms cpu=79% memory=2520MB dbTime=89ms activeThreads=114
2026-07-31T09:01:07.500Z INFO  [payment-service-2] LOAD request completed reqId=REQ-200225 endpoint=/api/payments status=200 latency=2145ms cpu=80% memory=2525MB dbTime=90ms activeThreads=115
2026-07-31T09:01:07.800Z INFO  [payment-service-3] LOAD request completed reqId=REQ-200226 endpoint=/api/payments/search status=200 latency=2154ms cpu=81% memory=2530MB dbTime=91ms activeThreads=116
2026-07-31T09:01:08.100Z INFO  [payment-service-4] LOAD request completed reqId=REQ-200227 endpoint=/api/accounts status=200 latency=2163ms cpu=82% memory=2535MB dbTime=92ms activeThreads=117
2026-07-31T09:01:08.400Z INFO  [payment-service-1] LOAD request completed reqId=REQ-200228 endpoint=/api/login status=200 latency=2172ms cpu=83% memory=2540MB dbTime=93ms activeThreads=118
2026-07-31T09:01:08.700Z INFO  [payment-service-2] LOAD request completed reqId=REQ-200229 endpoint=/api/payments status=200 latency=2181ms cpu=84% memory=2545MB dbTime=94ms activeThreads=119
2026-07-31T09:01:09.000Z INFO  [payment-service-3] LOAD request completed reqId=REQ-200230 endpoint=/api/payments/search status=200 latency=2190ms cpu=85% memory=2550MB dbTime=95ms activeThreads=120
2026-07-31T09:01:09.300Z INFO  [payment-service-4] LOAD request completed reqId=REQ-200231 endpoint=/api/accounts status=200 latency=2199ms cpu=86% memory=2555MB dbTime=96ms activeThreads=121
2026-07-31T09:01:09.600Z INFO  [payment-service-1] LOAD request completed reqId=REQ-200232 endpoint=/api/login status=200 latency=2208ms cpu=87% memory=2560MB dbTime=97ms activeThreads=122
2026-07-31T09:01:09.900Z INFO  [payment-service-2] LOAD request completed reqId=REQ-200233 endpoint=/api/payments status=200 latency=2217ms cpu=88% memory=2565MB dbTime=98ms activeThreads=123
2026-07-31T09:01:10.200Z INFO  [payment-service-3] LOAD request completed reqId=REQ-200234 endpoint=/api/payments/search status=200 latency=2226ms cpu=89% memory=2570MB dbTime=99ms activeThreads=124
2026-07-31T09:01:10.500Z INFO  [payment-service-4] LOAD request completed reqId=REQ-200235 endpoint=/api/accounts status=200 latency=2235ms cpu=90% memory=2575MB dbTime=100ms activeThreads=125
2026-07-31T09:01:10.800Z ERROR [payment-service-1] Kubernetes Liveness probe failed. Container restarting restartCount=4
2026-07-31T09:01:11.100Z INFO  [payment-service-2] LOAD request completed reqId=REQ-200237 endpoint=/api/payments status=200 latency=2253ms cpu=92% memory=2585MB dbTime=102ms activeThreads=127
2026-07-31T09:01:11.400Z INFO  [payment-service-3] LOAD request completed reqId=REQ-200238 endpoint=/api/payments/search status=200 latency=2262ms cpu=93% memory=2590MB dbTime=103ms activeThreads=128
2026-07-31T09:01:11.700Z INFO  [payment-service-4] LOAD request completed reqId=REQ-200239 endpoint=/api/accounts status=200 latency=2271ms cpu=94% memory=2595MB dbTime=104ms activeThreads=129
2026-07-31T09:01:12.000Z INFO  [payment-service-1] LOAD request completed reqId=REQ-200240 endpoint=/api/login status=200 latency=2280ms cpu=35% memory=2600MB dbTime=25ms activeThreads=130
2026-07-31T09:01:12.300Z INFO  [payment-service-2] LOAD request completed reqId=REQ-200241 endpoint=/api/payments status=200 latency=2289ms cpu=36% memory=2605MB dbTime=26ms activeThreads=131
2026-07-31T09:01:12.600Z INFO  [payment-service-3] LOAD request completed reqId=REQ-200242 endpoint=/api/payments/search status=200 latency=2298ms cpu=37% memory=2610MB dbTime=27ms activeThreads=132
2026-07-31T09:01:12.900Z INFO  [payment-service-4] LOAD request completed reqId=REQ-200243 endpoint=/api/accounts status=200 latency=2307ms cpu=38% memory=2615MB dbTime=28ms activeThreads=133
2026-07-31T09:01:13.200Z INFO  [payment-service-1] LOAD request completed reqId=REQ-200244 endpoint=/api/login status=200 latency=2316ms cpu=39% memory=2620MB dbTime=29ms activeThreads=134
2026-07-31T09:01:13.500Z INFO  [payment-service-2] LOAD request completed reqId=REQ-200245 endpoint=/api/payments status=200 latency=2325ms cpu=40% memory=2625MB dbTime=30ms activeThreads=135
2026-07-31T09:01:13.800Z INFO  [payment-service-3] LOAD request completed reqId=REQ-200246 endpoint=/api/payments/search status=200 latency=2334ms cpu=41% memory=2630MB dbTime=31ms activeThreads=136
2026-07-31T09:01:14.100Z INFO  [payment-service-4] LOAD request completed reqId=REQ-200247 endpoint=/api/accounts status=200 latency=2343ms cpu=42% memory=2635MB dbTime=32ms activeThreads=137
2026-07-31T09:01:14.400Z WARN  [payment-service-1] Full GC pause duration=1148ms heapUsed=2640MB
2026-07-31T09:01:14.700Z ERROR [payment-service-2] java.sql.SQLTransientConnectionException: HikariPool-1 - Connection is not available, request timed out after 30000ms reqId=REQ-200249
2026-07-31T09:01:15.000Z INFO  [payment-service-3] ENDURANCE request completed reqId=REQ-200250 endpoint=/api/payments/search status=200 latency=2370ms cpu=45% memory=2650MB dbTime=35ms activeThreads=140
2026-07-31T09:01:15.300Z INFO  [payment-service-4] ENDURANCE request completed reqId=REQ-200251 endpoint=/api/accounts status=200 latency=2379ms cpu=46% memory=2655MB dbTime=36ms activeThreads=141
2026-07-31T09:01:15.600Z INFO  [payment-service-1] ENDURANCE request completed reqId=REQ-200252 endpoint=/api/login status=200 latency=2388ms cpu=47% memory=2660MB dbTime=37ms activeThreads=142
2026-07-31T09:01:15.900Z INFO  [payment-service-2] ENDURANCE request completed reqId=REQ-200253 endpoint=/api/payments status=200 latency=2397ms cpu=48% memory=2665MB dbTime=38ms activeThreads=143
2026-07-31T09:01:16.200Z INFO  [payment-service-3] ENDURANCE request completed reqId=REQ-200254 endpoint=/api/payments/search status=200 latency=2406ms cpu=49% memory=2670MB dbTime=39ms activeThreads=144
2026-07-31T09:01:16.500Z INFO  [payment-service-4] ENDURANCE request completed reqId=REQ-200255 endpoint=/api/accounts status=200 latency=2415ms cpu=50% memory=2675MB dbTime=40ms activeThreads=145
2026-07-31T09:01:16.800Z INFO  [payment-service-1] ENDURANCE request completed reqId=REQ-200256 endpoint=/api/login status=200 latency=2424ms cpu=51% memory=2680MB dbTime=41ms activeThreads=146
2026-07-31T09:01:17.100Z INFO  [payment-service-2] ENDURANCE request completed reqId=REQ-200257 endpoint=/api/payments status=200 latency=2433ms cpu=52% memory=2685MB dbTime=42ms activeThreads=147
2026-07-31T09:01:17.400Z WARN  [payment-service-3] Response time exceeded SLA endpoint=/api/payments latency=2442ms threshold=1000ms cpu=53%
2026-07-31T09:01:17.700Z INFO  [payment-service-4] ENDURANCE request completed reqId=REQ-200259 endpoint=/api/accounts status=200 latency=2451ms cpu=54% memory=2695MB dbTime=44ms activeThreads=149
2026-07-31T09:01:18.000Z INFO  [payment-service-1] ENDURANCE request completed reqId=REQ-200260 endpoint=/api/login status=200 latency=2460ms cpu=55% memory=2700MB dbTime=45ms activeThreads=150
2026-07-31T09:01:18.300Z INFO  [payment-service-2] ENDURANCE request completed reqId=REQ-200261 endpoint=/api/payments status=200 latency=2469ms cpu=56% memory=2705MB dbTime=46ms activeThreads=151
2026-07-31T09:01:18.600Z INFO  [payment-service-3] ENDURANCE request completed reqId=REQ-200262 endpoint=/api/payments/search status=200 latency=2478ms cpu=57% memory=2710MB dbTime=47ms activeThreads=152
2026-07-31T09:01:18.900Z INFO  [payment-service-4] ENDURANCE request completed reqId=REQ-200263 endpoint=/api/accounts status=200 latency=2487ms cpu=58% memory=2715MB dbTime=48ms activeThreads=153
2026-07-31T09:01:19.200Z INFO  [payment-service-1] ENDURANCE request completed reqId=REQ-200264 endpoint=/api/login status=200 latency=2496ms cpu=59% memory=2720MB dbTime=49ms activeThreads=154
2026-07-31T09:01:19.500Z INFO  [payment-service-2] ENDURANCE request completed reqId=REQ-200265 endpoint=/api/payments status=200 latency=2505ms cpu=60% memory=2725MB dbTime=50ms activeThreads=155
2026-07-31T09:01:19.800Z INFO  [payment-service-3] ENDURANCE request completed reqId=REQ-200266 endpoint=/api/payments/search status=200 latency=2514ms cpu=61% memory=2730MB dbTime=51ms activeThreads=156
2026-07-31T09:01:20.100Z INFO  [payment-service-4] ENDURANCE request completed reqId=REQ-200267 endpoint=/api/accounts status=200 latency=2523ms cpu=62% memory=2735MB dbTime=52ms activeThreads=157
2026-07-31T09:01:20.400Z INFO  [payment-service-1] ENDURANCE request completed reqId=REQ-200268 endpoint=/api/login status=200 latency=2532ms cpu=63% memory=2740MB dbTime=53ms activeThreads=158
2026-07-31T09:01:20.700Z INFO  [payment-service-2] ENDURANCE request completed reqId=REQ-200269 endpoint=/api/payments status=200 latency=2541ms cpu=64% memory=2745MB dbTime=54ms activeThreads=159
2026-07-31T09:01:21.000Z INFO  [payment-service-3] ENDURANCE request completed reqId=REQ-200270 endpoint=/api/payments/search status=200 latency=2550ms cpu=65% memory=2750MB dbTime=55ms activeThreads=160
2026-07-31T09:01:21.300Z INFO  [payment-service-4] ENDURANCE request completed reqId=REQ-200271 endpoint=/api/accounts status=200 latency=2559ms cpu=66% memory=2755MB dbTime=56ms activeThreads=161
2026-07-31T09:01:21.600Z INFO  [payment-service-1] ENDURANCE request completed reqId=REQ-200272 endpoint=/api/login status=200 latency=2568ms cpu=67% memory=2760MB dbTime=57ms activeThreads=162
2026-07-31T09:01:21.900Z INFO  [payment-service-2] ENDURANCE request completed reqId=REQ-200273 endpoint=/api/payments status=200 latency=2577ms cpu=68% memory=2765MB dbTime=58ms activeThreads=163
2026-07-31T09:01:22.200Z INFO  [payment-service-3] ENDURANCE request completed reqId=REQ-200274 endpoint=/api/payments/search status=200 latency=2586ms cpu=69% memory=2770MB dbTime=59ms activeThreads=164
2026-07-31T09:01:22.500Z INFO  [payment-service-4] ENDURANCE request completed reqId=REQ-200275 endpoint=/api/accounts status=200 latency=2595ms cpu=70% memory=2775MB dbTime=60ms activeThreads=165
2026-07-31T09:01:22.800Z INFO  [payment-service-1] ENDURANCE request completed reqId=REQ-200276 endpoint=/api/login status=200 latency=2604ms cpu=71% memory=2780MB dbTime=61ms activeThreads=166
2026-07-31T09:01:23.100Z INFO  [payment-service-2] ENDURANCE request completed reqId=REQ-200277 endpoint=/api/payments status=200 latency=2613ms cpu=72% memory=2785MB dbTime=62ms activeThreads=167
2026-07-31T09:01:23.400Z INFO  [payment-service-3] ENDURANCE request completed reqId=REQ-200278 endpoint=/api/payments/search status=200 latency=2622ms cpu=73% memory=2790MB dbTime=63ms activeThreads=168
2026-07-31T09:01:23.700Z WARN  [payment-service-4] Full GC pause duration=1179ms heapUsed=2795MB
2026-07-31T09:01:24.000Z INFO  [payment-service-1] ENDURANCE request completed reqId=REQ-200280 endpoint=/api/login status=200 latency=2640ms cpu=75% memory=2800MB dbTime=65ms activeThreads=170
2026-07-31T09:01:24.300Z INFO  [payment-service-2] ENDURANCE request completed reqId=REQ-200281 endpoint=/api/payments status=200 latency=2649ms cpu=76% memory=2805MB dbTime=66ms activeThreads=171
2026-07-31T09:01:24.600Z INFO  [payment-service-3] ENDURANCE request completed reqId=REQ-200282 endpoint=/api/payments/search status=200 latency=2658ms cpu=77% memory=2810MB dbTime=67ms activeThreads=172
2026-07-31T09:01:24.900Z INFO  [payment-service-4] ENDURANCE request completed reqId=REQ-200283 endpoint=/api/accounts status=200 latency=2667ms cpu=78% memory=2815MB dbTime=68ms activeThreads=173
2026-07-31T09:01:25.200Z ERROR [payment-service-1] OutOfMemoryError: Java heap space heapUsed=2820MB heapMax=4096MB
2026-07-31T09:01:25.500Z INFO  [payment-service-2] ENDURANCE request completed reqId=REQ-200285 endpoint=/api/payments status=200 latency=2685ms cpu=80% memory=2825MB dbTime=70ms activeThreads=175
2026-07-31T09:01:25.800Z INFO  [payment-service-3] ENDURANCE request completed reqId=REQ-200286 endpoint=/api/payments/search status=200 latency=2694ms cpu=81% memory=2830MB dbTime=71ms activeThreads=176
2026-07-31T09:01:26.100Z INFO  [payment-service-4] ENDURANCE request completed reqId=REQ-200287 endpoint=/api/accounts status=200 latency=2703ms cpu=82% memory=2835MB dbTime=72ms activeThreads=177
2026-07-31T09:01:26.400Z INFO  [payment-service-1] ENDURANCE request completed reqId=REQ-200288 endpoint=/api/login status=200 latency=2712ms cpu=83% memory=2840MB dbTime=73ms activeThreads=178
2026-07-31T09:01:26.700Z INFO  [payment-service-2] ENDURANCE request completed reqId=REQ-200289 endpoint=/api/payments status=200 latency=2721ms cpu=84% memory=2845MB dbTime=74ms activeThreads=179
2026-07-31T09:01:27.000Z INFO  [payment-service-3] ENDURANCE request completed reqId=REQ-200290 endpoint=/api/payments/search status=200 latency=2730ms cpu=85% memory=2850MB dbTime=75ms activeThreads=180
2026-07-31T09:01:27.300Z ERROR [payment-service-4] HTTP 503 Service Unavailable reqId=REQ-200291 endpoint=/api/payments cause=Backend unavailable latency=2739ms cpu=86%
2026-07-31T09:01:27.600Z INFO  [payment-service-1] ENDURANCE request completed reqId=REQ-200292 endpoint=/api/login status=200 latency=2748ms cpu=87% memory=2860MB dbTime=77ms activeThreads=182
2026-07-31T09:01:27.900Z INFO  [payment-service-2] ENDURANCE request completed reqId=REQ-200293 endpoint=/api/payments status=200 latency=2757ms cpu=88% memory=2865MB dbTime=78ms activeThreads=183
2026-07-31T09:01:28.200Z INFO  [payment-service-3] ENDURANCE request completed reqId=REQ-200294 endpoint=/api/payments/search status=200 latency=2766ms cpu=89% memory=2870MB dbTime=79ms activeThreads=184
2026-07-31T09:01:28.500Z ERROR [payment-service-4] Kubernetes Liveness probe failed. Container restarting restartCount=5
2026-07-31T09:01:28.800Z INFO  [payment-service-1] ENDURANCE request completed reqId=REQ-200296 endpoint=/api/login status=200 latency=2784ms cpu=91% memory=2880MB dbTime=81ms activeThreads=186
2026-07-31T09:01:29.100Z INFO  [payment-service-2] ENDURANCE request completed reqId=REQ-200297 endpoint=/api/payments status=200 latency=2793ms cpu=92% memory=2885MB dbTime=82ms activeThreads=187
2026-07-31T09:01:29.400Z INFO  [payment-service-3] ENDURANCE request completed reqId=REQ-200298 endpoint=/api/payments/search status=200 latency=2802ms cpu=93% memory=2890MB dbTime=83ms activeThreads=188
2026-07-31T09:01:29.700Z INFO  [payment-service-4] ENDURANCE request completed reqId=REQ-200299 endpoint=/api/accounts status=200 latency=2811ms cpu=94% memory=2895MB dbTime=84ms activeThreads=189
2026-07-31T09:01:30.000Z INFO  [payment-service-1] ENDURANCE request completed reqId=REQ-200300 endpoint=/api/login status=200 latency=2820ms cpu=35% memory=2900MB dbTime=85ms activeThreads=40
2026-07-31T09:01:30.300Z WARN  [payment-service-2] Response time exceeded SLA endpoint=/api/payments latency=2829ms threshold=1000ms cpu=36%
2026-07-31T09:01:30.600Z INFO  [payment-service-3] ENDURANCE request completed reqId=REQ-200302 endpoint=/api/payments/search status=200 latency=2838ms cpu=37% memory=2910MB dbTime=87ms activeThreads=42
2026-07-31T09:01:30.900Z INFO  [payment-service-4] ENDURANCE request completed reqId=REQ-200303 endpoint=/api/accounts status=200 latency=2847ms cpu=38% memory=2915MB dbTime=88ms activeThreads=43
2026-07-31T09:01:31.200Z INFO  [payment-service-1] ENDURANCE request completed reqId=REQ-200304 endpoint=/api/login status=200 latency=2856ms cpu=39% memory=2920MB dbTime=89ms activeThreads=44
2026-07-31T09:01:31.500Z INFO  [payment-service-2] ENDURANCE request completed reqId=REQ-200305 endpoint=/api/payments status=200 latency=2865ms cpu=40% memory=2925MB dbTime=90ms activeThreads=45
2026-07-31T09:01:31.800Z INFO  [payment-service-3] ENDURANCE request completed reqId=REQ-200306 endpoint=/api/payments/search status=200 latency=2874ms cpu=41% memory=2930MB dbTime=91ms activeThreads=46
2026-07-31T09:01:32.100Z INFO  [payment-service-4] ENDURANCE request completed reqId=REQ-200307 endpoint=/api/accounts status=200 latency=2883ms cpu=42% memory=2935MB dbTime=92ms activeThreads=47
2026-07-31T09:01:32.400Z INFO  [payment-service-1] ENDURANCE request completed reqId=REQ-200308 endpoint=/api/login status=200 latency=2892ms cpu=43% memory=2940MB dbTime=93ms activeThreads=48
2026-07-31T09:01:32.700Z INFO  [payment-service-2] ENDURANCE request completed reqId=REQ-200309 endpoint=/api/payments status=200 latency=2901ms cpu=44% memory=2945MB dbTime=94ms activeThreads=49
2026-07-31T09:01:33.000Z WARN  [payment-service-3] Full GC pause duration=1210ms heapUsed=2950MB
2026-07-31T09:01:33.300Z INFO  [payment-service-4] ENDURANCE request completed reqId=REQ-200311 endpoint=/api/accounts status=200 latency=2919ms cpu=46% memory=2955MB dbTime=96ms activeThreads=51
2026-07-31T09:01:33.600Z INFO  [payment-service-1] ENDURANCE request completed reqId=REQ-200312 endpoint=/api/login status=200 latency=2928ms cpu=47% memory=2960MB dbTime=97ms activeThreads=52
2026-07-31T09:01:33.900Z INFO  [payment-service-2] ENDURANCE request completed reqId=REQ-200313 endpoint=/api/payments status=200 latency=2937ms cpu=48% memory=2965MB dbTime=98ms activeThreads=53
2026-07-31T09:01:34.200Z INFO  [payment-service-3] ENDURANCE request completed reqId=REQ-200314 endpoint=/api/payments/search status=200 latency=2946ms cpu=49% memory=2970MB dbTime=99ms activeThreads=54
2026-07-31T09:01:34.500Z INFO  [payment-service-4] ENDURANCE request completed reqId=REQ-200315 endpoint=/api/accounts status=200 latency=2955ms cpu=50% memory=2975MB dbTime=100ms activeThreads=55
2026-07-31T09:01:34.800Z INFO  [payment-service-1] ENDURANCE request completed reqId=REQ-200316 endpoint=/api/login status=200 latency=2964ms cpu=51% memory=2980MB dbTime=101ms activeThreads=56
2026-07-31T09:01:35.100Z INFO  [payment-service-2] ENDURANCE request completed reqId=REQ-200317 endpoint=/api/payments status=200 latency=2973ms cpu=52% memory=2985MB dbTime=102ms activeThreads=57
2026-07-31T09:01:35.400Z INFO  [payment-service-3] ENDURANCE request completed reqId=REQ-200318 endpoint=/api/payments/search status=200 latency=2982ms cpu=53% memory=2990MB dbTime=103ms activeThreads=58
2026-07-31T09:01:35.700Z INFO  [payment-service-4] ENDURANCE request completed reqId=REQ-200319 endpoint=/api/accounts status=200 latency=2991ms cpu=54% memory=2995MB dbTime=104ms activeThreads=59
2026-07-31T09:01:36.000Z INFO  [payment-service-1] ENDURANCE request completed reqId=REQ-200320 endpoint=/api/login status=200 latency=3000ms cpu=55% memory=3000MB dbTime=25ms activeThreads=60
2026-07-31T09:01:36.300Z INFO  [payment-service-2] ENDURANCE request completed reqId=REQ-200321 endpoint=/api/payments status=200 latency=3009ms cpu=56% memory=3005MB dbTime=26ms activeThreads=61
2026-07-31T09:01:36.600Z INFO  [payment-service-3] ENDURANCE request completed reqId=REQ-200322 endpoint=/api/payments/search status=200 latency=3018ms cpu=57% memory=3010MB dbTime=27ms activeThreads=62
2026-07-31T09:01:36.900Z INFO  [payment-service-4] ENDURANCE request completed reqId=REQ-200323 endpoint=/api/accounts status=200 latency=3027ms cpu=58% memory=3015MB dbTime=28ms activeThreads=63
2026-07-31T09:01:37.200Z INFO  [payment-service-1] ENDURANCE request completed reqId=REQ-200324 endpoint=/api/login status=200 latency=3036ms cpu=59% memory=3020MB dbTime=29ms activeThreads=64
2026-07-31T09:01:37.500Z INFO  [payment-service-2] ENDURANCE request completed reqId=REQ-200325 endpoint=/api/payments status=200 latency=3045ms cpu=60% memory=3025MB dbTime=30ms activeThreads=65
2026-07-31T09:01:37.800Z INFO  [payment-service-3] ENDURANCE request completed reqId=REQ-200326 endpoint=/api/payments/search status=200 latency=3054ms cpu=61% memory=3030MB dbTime=31ms activeThreads=66
2026-07-31T09:01:38.100Z INFO  [payment-service-4] ENDURANCE request completed reqId=REQ-200327 endpoint=/api/accounts status=200 latency=3063ms cpu=62% memory=3035MB dbTime=32ms activeThreads=67
2026-07-31T09:01:38.400Z INFO  [payment-service-1] ENDURANCE request completed reqId=REQ-200328 endpoint=/api/login status=200 latency=3072ms cpu=63% memory=3040MB dbTime=33ms activeThreads=68
2026-07-31T09:01:38.700Z INFO  [payment-service-2] ENDURANCE request completed reqId=REQ-200329 endpoint=/api/payments status=200 latency=3081ms cpu=64% memory=3045MB dbTime=34ms activeThreads=69
2026-07-31T09:01:39.000Z INFO  [payment-service-3] ENDURANCE request completed reqId=REQ-200330 endpoint=/api/payments/search status=200 latency=3090ms cpu=65% memory=3050MB dbTime=35ms activeThreads=70
2026-07-31T09:01:39.300Z INFO  [payment-service-4] ENDURANCE request completed reqId=REQ-200331 endpoint=/api/accounts status=200 latency=3099ms cpu=66% memory=3055MB dbTime=36ms activeThreads=71
2026-07-31T09:01:39.600Z ERROR [payment-service-1] java.sql.SQLTransientConnectionException: HikariPool-1 - Connection is not available, request timed out after 30000ms reqId=REQ-200332
2026-07-31T09:01:39.900Z INFO  [payment-service-2] ENDURANCE request completed reqId=REQ-200333 endpoint=/api/payments status=200 latency=3117ms cpu=68% memory=3065MB dbTime=38ms activeThreads=73
2026-07-31T09:01:40.200Z INFO  [payment-service-3] ENDURANCE request completed reqId=REQ-200334 endpoint=/api/payments/search status=200 latency=126ms cpu=69% memory=3070MB dbTime=39ms activeThreads=74
2026-07-31T09:01:40.500Z INFO  [payment-service-4] ENDURANCE request completed reqId=REQ-200335 endpoint=/api/accounts status=200 latency=135ms cpu=70% memory=3075MB dbTime=40ms activeThreads=75
2026-07-31T09:01:40.800Z INFO  [payment-service-1] ENDURANCE request completed reqId=REQ-200336 endpoint=/api/login status=200 latency=144ms cpu=71% memory=3080MB dbTime=41ms activeThreads=76
2026-07-31T09:01:41.100Z INFO  [payment-service-2] ENDURANCE request completed reqId=REQ-200337 endpoint=/api/payments status=200 latency=153ms cpu=72% memory=3085MB dbTime=42ms activeThreads=77
2026-07-31T09:01:41.400Z INFO  [payment-service-3] ENDURANCE request completed reqId=REQ-200338 endpoint=/api/payments/search status=200 latency=162ms cpu=73% memory=3090MB dbTime=43ms activeThreads=78
2026-07-31T09:01:41.700Z INFO  [payment-service-4] ENDURANCE request completed reqId=REQ-200339 endpoint=/api/accounts status=200 latency=171ms cpu=74% memory=3095MB dbTime=44ms activeThreads=79
2026-07-31T09:01:42.000Z INFO  [payment-service-1] ENDURANCE request completed reqId=REQ-200340 endpoint=/api/login status=200 latency=180ms cpu=75% memory=3100MB dbTime=45ms activeThreads=80
2026-07-31T09:01:42.300Z WARN  [payment-service-2] Full GC pause duration=1241ms heapUsed=3105MB
2026-07-31T09:01:42.600Z INFO  [payment-service-3] ENDURANCE request completed reqId=REQ-200342 endpoint=/api/payments/search status=200 latency=198ms cpu=77% memory=3110MB dbTime=47ms activeThreads=82
2026-07-31T09:01:42.900Z INFO  [payment-service-4] ENDURANCE request completed reqId=REQ-200343 endpoint=/api/accounts status=200 latency=207ms cpu=78% memory=3115MB dbTime=48ms activeThreads=83
2026-07-31T09:01:43.200Z WARN  [payment-service-1] Response time exceeded SLA endpoint=/api/payments latency=216ms threshold=1000ms cpu=79%
2026-07-31T09:01:43.500Z INFO  [payment-service-2] ENDURANCE request completed reqId=REQ-200345 endpoint=/api/payments status=200 latency=225ms cpu=80% memory=3125MB dbTime=50ms activeThreads=85
2026-07-31T09:01:43.800Z INFO  [payment-service-3] ENDURANCE request completed reqId=REQ-200346 endpoint=/api/payments/search status=200 latency=234ms cpu=81% memory=3130MB dbTime=51ms activeThreads=86
2026-07-31T09:01:44.100Z INFO  [payment-service-4] ENDURANCE request completed reqId=REQ-200347 endpoint=/api/accounts status=200 latency=243ms cpu=82% memory=3135MB dbTime=52ms activeThreads=87
2026-07-31T09:01:44.400Z INFO  [payment-service-1] ENDURANCE request completed reqId=REQ-200348 endpoint=/api/login status=200 latency=252ms cpu=83% memory=3140MB dbTime=53ms activeThreads=88
2026-07-31T09:01:44.700Z INFO  [payment-service-2] ENDURANCE request completed reqId=REQ-200349 endpoint=/api/payments status=200 latency=261ms cpu=84% memory=3145MB dbTime=54ms activeThreads=89
2026-07-31T09:01:45.000Z INFO  [payment-service-3] ENDURANCE request completed reqId=REQ-200350 endpoint=/api/payments/search status=200 latency=270ms cpu=85% memory=3150MB dbTime=55ms activeThreads=90
2026-07-31T09:01:45.300Z INFO  [payment-service-4] ENDURANCE request completed reqId=REQ-200351 endpoint=/api/accounts status=200 latency=279ms cpu=86% memory=3155MB dbTime=56ms activeThreads=91
2026-07-31T09:01:45.600Z INFO  [payment-service-1] ENDURANCE request completed reqId=REQ-200352 endpoint=/api/login status=200 latency=288ms cpu=87% memory=3160MB dbTime=57ms activeThreads=92
2026-07-31T09:01:45.900Z INFO  [payment-service-2] ENDURANCE request completed reqId=REQ-200353 endpoint=/api/payments status=200 latency=297ms cpu=88% memory=3165MB dbTime=58ms activeThreads=93
2026-07-31T09:01:46.200Z ERROR [payment-service-3] Kubernetes Liveness probe failed. Container restarting restartCount=6
2026-07-31T09:01:46.500Z ERROR [payment-service-4] OutOfMemoryError: Java heap space heapUsed=3175MB heapMax=4096MB
2026-07-31T09:01:46.800Z INFO  [payment-service-1] ENDURANCE request completed reqId=REQ-200356 endpoint=/api/login status=200 latency=324ms cpu=91% memory=3180MB dbTime=61ms activeThreads=96
2026-07-31T09:01:47.100Z INFO  [payment-service-2] ENDURANCE request completed reqId=REQ-200357 endpoint=/api/payments status=200 latency=333ms cpu=92% memory=3185MB dbTime=62ms activeThreads=97
2026-07-31T09:01:47.400Z INFO  [payment-service-3] ENDURANCE request completed reqId=REQ-200358 endpoint=/api/payments/search status=200 latency=342ms cpu=93% memory=3190MB dbTime=63ms activeThreads=98
2026-07-31T09:01:47.700Z INFO  [payment-service-4] ENDURANCE request completed reqId=REQ-200359 endpoint=/api/accounts status=200 latency=351ms cpu=94% memory=3195MB dbTime=64ms activeThreads=99
2026-07-31T09:01:48.000Z INFO  [payment-service-1] ENDURANCE request completed reqId=REQ-200360 endpoint=/api/login status=200 latency=360ms cpu=35% memory=3200MB dbTime=65ms activeThreads=100
2026-07-31T09:01:48.300Z INFO  [payment-service-2] ENDURANCE request completed reqId=REQ-200361 endpoint=/api/payments status=200 latency=369ms cpu=36% memory=3205MB dbTime=66ms activeThreads=101
2026-07-31T09:01:48.600Z INFO  [payment-service-3] ENDURANCE request completed reqId=REQ-200362 endpoint=/api/payments/search status=200 latency=378ms cpu=37% memory=3210MB dbTime=67ms activeThreads=102
2026-07-31T09:01:48.900Z INFO  [payment-service-4] ENDURANCE request completed reqId=REQ-200363 endpoint=/api/accounts status=200 latency=387ms cpu=38% memory=3215MB dbTime=68ms activeThreads=103
2026-07-31T09:01:49.200Z INFO  [payment-service-1] ENDURANCE request completed reqId=REQ-200364 endpoint=/api/login status=200 latency=396ms cpu=39% memory=3220MB dbTime=69ms activeThreads=104
2026-07-31T09:01:49.500Z INFO  [payment-service-2] ENDURANCE request completed reqId=REQ-200365 endpoint=/api/payments status=200 latency=405ms cpu=40% memory=3225MB dbTime=70ms activeThreads=105
2026-07-31T09:01:49.800Z INFO  [payment-service-3] ENDURANCE request completed reqId=REQ-200366 endpoint=/api/payments/search status=200 latency=414ms cpu=41% memory=3230MB dbTime=71ms activeThreads=106
2026-07-31T09:01:50.100Z INFO  [payment-service-4] ENDURANCE request completed reqId=REQ-200367 endpoint=/api/accounts status=200 latency=423ms cpu=42% memory=3235MB dbTime=72ms activeThreads=107
2026-07-31T09:01:50.400Z INFO  [payment-service-1] ENDURANCE request completed reqId=REQ-200368 endpoint=/api/login status=200 latency=432ms cpu=43% memory=3240MB dbTime=73ms activeThreads=108
2026-07-31T09:01:50.700Z INFO  [payment-service-2] ENDURANCE request completed reqId=REQ-200369 endpoint=/api/payments status=200 latency=441ms cpu=44% memory=3245MB dbTime=74ms activeThreads=109
2026-07-31T09:01:51.000Z INFO  [payment-service-3] ENDURANCE request completed reqId=REQ-200370 endpoint=/api/payments/search status=200 latency=450ms cpu=45% memory=3250MB dbTime=75ms activeThreads=110
2026-07-31T09:01:51.300Z INFO  [payment-service-4] ENDURANCE request completed reqId=REQ-200371 endpoint=/api/accounts status=200 latency=459ms cpu=46% memory=3255MB dbTime=76ms activeThreads=111
2026-07-31T09:01:51.600Z WARN  [payment-service-1] Full GC pause duration=1272ms heapUsed=3260MB
2026-07-31T09:01:51.900Z INFO  [payment-service-2] ENDURANCE request completed reqId=REQ-200373 endpoint=/api/payments status=200 latency=477ms cpu=48% memory=3265MB dbTime=78ms activeThreads=113
2026-07-31T09:01:52.200Z INFO  [payment-service-3] ENDURANCE request completed reqId=REQ-200374 endpoint=/api/payments/search status=200 latency=486ms cpu=49% memory=3270MB dbTime=79ms activeThreads=114
2026-07-31T09:01:52.500Z INFO  [payment-service-4] ENDURANCE request completed reqId=REQ-200375 endpoint=/api/accounts status=200 latency=495ms cpu=50% memory=3275MB dbTime=80ms activeThreads=115
2026-07-31T09:01:52.800Z INFO  [payment-service-1] ENDURANCE request completed reqId=REQ-200376 endpoint=/api/login status=200 latency=504ms cpu=51% memory=3280MB dbTime=81ms activeThreads=116
2026-07-31T09:01:53.100Z INFO  [payment-service-2] ENDURANCE request completed reqId=REQ-200377 endpoint=/api/payments status=200 latency=513ms cpu=52% memory=3285MB dbTime=82ms activeThreads=117
2026-07-31T09:01:53.400Z INFO  [payment-service-3] ENDURANCE request completed reqId=REQ-200378 endpoint=/api/payments/search status=200 latency=522ms cpu=53% memory=3290MB dbTime=83ms activeThreads=118
2026-07-31T09:01:53.700Z INFO  [payment-service-4] ENDURANCE request completed reqId=REQ-200379 endpoint=/api/accounts status=200 latency=531ms cpu=54% memory=3295MB dbTime=84ms activeThreads=119
2026-07-31T09:01:54.000Z INFO  [payment-service-1] ENDURANCE request completed reqId=REQ-200380 endpoint=/api/login status=200 latency=540ms cpu=55% memory=3300MB dbTime=85ms activeThreads=120
2026-07-31T09:01:54.300Z INFO  [payment-service-2] ENDURANCE request completed reqId=REQ-200381 endpoint=/api/payments status=200 latency=549ms cpu=56% memory=3305MB dbTime=86ms activeThreads=121
2026-07-31T09:01:54.600Z INFO  [payment-service-3] ENDURANCE request completed reqId=REQ-200382 endpoint=/api/payments/search status=200 latency=558ms cpu=57% memory=3310MB dbTime=87ms activeThreads=122
2026-07-31T09:01:54.900Z INFO  [payment-service-4] ENDURANCE request completed reqId=REQ-200383 endpoint=/api/accounts status=200 latency=567ms cpu=58% memory=3315MB dbTime=88ms activeThreads=123
2026-07-31T09:01:55.200Z INFO  [payment-service-1] ENDURANCE request completed reqId=REQ-200384 endpoint=/api/login status=200 latency=576ms cpu=59% memory=3320MB dbTime=89ms activeThreads=124
2026-07-31T09:01:55.500Z INFO  [payment-service-2] ENDURANCE request completed reqId=REQ-200385 endpoint=/api/payments status=200 latency=585ms cpu=60% memory=3325MB dbTime=90ms activeThreads=125
2026-07-31T09:01:55.800Z INFO  [payment-service-3] ENDURANCE request completed reqId=REQ-200386 endpoint=/api/payments/search status=200 latency=594ms cpu=61% memory=3330MB dbTime=91ms activeThreads=126
2026-07-31T09:01:56.100Z WARN  [payment-service-4] Response time exceeded SLA endpoint=/api/payments latency=603ms threshold=1000ms cpu=62%
2026-07-31T09:01:56.400Z ERROR [payment-service-1] HTTP 503 Service Unavailable reqId=REQ-200388 endpoint=/api/payments cause=Backend unavailable latency=612ms cpu=63%
2026-07-31T09:01:56.700Z INFO  [payment-service-2] ENDURANCE request completed reqId=REQ-200389 endpoint=/api/payments status=200 latency=621ms cpu=64% memory=3345MB dbTime=94ms activeThreads=129
2026-07-31T09:01:57.000Z INFO  [payment-service-3] ENDURANCE request completed reqId=REQ-200390 endpoint=/api/payments/search status=200 latency=630ms cpu=65% memory=3350MB dbTime=95ms activeThreads=130
2026-07-31T09:01:57.300Z INFO  [payment-service-4] ENDURANCE request completed reqId=REQ-200391 endpoint=/api/accounts status=200 latency=639ms cpu=66% memory=3355MB dbTime=96ms activeThreads=131
2026-07-31T09:01:57.600Z INFO  [payment-service-1] ENDURANCE request completed reqId=REQ-200392 endpoint=/api/login status=200 latency=648ms cpu=67% memory=3360MB dbTime=97ms activeThreads=132
2026-07-31T09:01:57.900Z INFO  [payment-service-2] ENDURANCE request completed reqId=REQ-200393 endpoint=/api/payments status=200 latency=657ms cpu=68% memory=3365MB dbTime=98ms activeThreads=133
2026-07-31T09:01:58.200Z INFO  [payment-service-3] ENDURANCE request completed reqId=REQ-200394 endpoint=/api/payments/search status=200 latency=666ms cpu=69% memory=3370MB dbTime=99ms activeThreads=134
2026-07-31T09:01:58.500Z INFO  [payment-service-4] ENDURANCE request completed reqId=REQ-200395 endpoint=/api/accounts status=200 latency=675ms cpu=70% memory=3375MB dbTime=100ms activeThreads=135
2026-07-31T09:01:58.800Z INFO  [payment-service-1] ENDURANCE request completed reqId=REQ-200396 endpoint=/api/login status=200 latency=684ms cpu=71% memory=3380MB dbTime=101ms activeThreads=136
2026-07-31T09:01:59.100Z INFO  [payment-service-2] ENDURANCE request completed reqId=REQ-200397 endpoint=/api/payments status=200 latency=693ms cpu=72% memory=3385MB dbTime=102ms activeThreads=137
2026-07-31T09:01:59.400Z INFO  [payment-service-3] ENDURANCE request completed reqId=REQ-200398 endpoint=/api/payments/search status=200 latency=702ms cpu=73% memory=3390MB dbTime=103ms activeThreads=138
2026-07-31T09:01:59.700Z INFO  [payment-service-4] ENDURANCE request completed reqId=REQ-200399 endpoint=/api/accounts status=200 latency=711ms cpu=74% memory=3395MB dbTime=104ms activeThreads=139
2026-07-31T09:02:00.000Z INFO  [payment-service-1] ENDURANCE request completed reqId=REQ-200400 endpoint=/api/login status=200 latency=720ms cpu=75% memory=3400MB dbTime=25ms activeThreads=140
2026-07-31T09:02:00.300Z INFO  [payment-service-2] ENDURANCE request completed reqId=REQ-200401 endpoint=/api/payments status=200 latency=729ms cpu=76% memory=3405MB dbTime=26ms activeThreads=141
2026-07-31T09:02:00.600Z INFO  [payment-service-3] ENDURANCE request completed reqId=REQ-200402 endpoint=/api/payments/search status=200 latency=738ms cpu=77% memory=3410MB dbTime=27ms activeThreads=142
2026-07-31T09:02:00.900Z WARN  [payment-service-4] Full GC pause duration=1303ms heapUsed=3415MB
2026-07-31T09:02:01.200Z INFO  [payment-service-1] ENDURANCE request completed reqId=REQ-200404 endpoint=/api/login status=200 latency=756ms cpu=79% memory=3420MB dbTime=29ms activeThreads=144
2026-07-31T09:02:01.500Z INFO  [payment-service-2] ENDURANCE request completed reqId=REQ-200405 endpoint=/api/payments status=200 latency=765ms cpu=80% memory=3425MB dbTime=30ms activeThreads=145
2026-07-31T09:02:01.800Z INFO  [payment-service-3] ENDURANCE request completed reqId=REQ-200406 endpoint=/api/payments/search status=200 latency=774ms cpu=81% memory=3430MB dbTime=31ms activeThreads=146
2026-07-31T09:02:02.100Z INFO  [payment-service-4] ENDURANCE request completed reqId=REQ-200407 endpoint=/api/accounts status=200 latency=783ms cpu=82% memory=3435MB dbTime=32ms activeThreads=147
2026-07-31T09:02:02.400Z INFO  [payment-service-1] ENDURANCE request completed reqId=REQ-200408 endpoint=/api/login status=200 latency=792ms cpu=83% memory=3440MB dbTime=33ms activeThreads=148
2026-07-31T09:02:02.700Z INFO  [payment-service-2] ENDURANCE request completed reqId=REQ-200409 endpoint=/api/payments status=200 latency=801ms cpu=84% memory=3445MB dbTime=34ms activeThreads=149
2026-07-31T09:02:03.000Z INFO  [payment-service-3] ENDURANCE request completed reqId=REQ-200410 endpoint=/api/payments/search status=200 latency=810ms cpu=85% memory=3450MB dbTime=35ms activeThreads=150
2026-07-31T09:02:03.300Z INFO  [payment-service-4] ENDURANCE request completed reqId=REQ-200411 endpoint=/api/accounts status=200 latency=819ms cpu=86% memory=3455MB dbTime=36ms activeThreads=151
2026-07-31T09:02:03.600Z INFO  [payment-service-1] ENDURANCE request completed reqId=REQ-200412 endpoint=/api/login status=200 latency=828ms cpu=87% memory=3460MB dbTime=37ms activeThreads=152
2026-07-31T09:02:03.900Z ERROR [payment-service-2] Kubernetes Liveness probe failed. Container restarting restartCount=7
2026-07-31T09:02:04.200Z INFO  [payment-service-3] ENDURANCE request completed reqId=REQ-200414 endpoint=/api/payments/search status=200 latency=846ms cpu=89% memory=3470MB dbTime=39ms activeThreads=154
2026-07-31T09:02:04.500Z ERROR [payment-service-4] java.sql.SQLTransientConnectionException: HikariPool-1 - Connection is not available, request timed out after 30000ms reqId=REQ-200415
2026-07-31T09:02:04.800Z INFO  [payment-service-1] ENDURANCE request completed reqId=REQ-200416 endpoint=/api/login status=200 latency=864ms cpu=91% memory=3480MB dbTime=41ms activeThreads=156
2026-07-31T09:02:05.100Z INFO  [payment-service-2] ENDURANCE request completed reqId=REQ-200417 endpoint=/api/payments status=200 latency=873ms cpu=92% memory=3485MB dbTime=42ms activeThreads=157
2026-07-31T09:02:05.400Z INFO  [payment-service-3] ENDURANCE request completed reqId=REQ-200418 endpoint=/api/payments/search status=200 latency=882ms cpu=93% memory=3490MB dbTime=43ms activeThreads=158
2026-07-31T09:02:05.700Z INFO  [payment-service-4] ENDURANCE request completed reqId=REQ-200419 endpoint=/api/accounts status=200 latency=891ms cpu=94% memory=3495MB dbTime=44ms activeThreads=159
2026-07-31T09:02:06.000Z INFO  [payment-service-1] ENDURANCE request completed reqId=REQ-200420 endpoint=/api/login status=200 latency=900ms cpu=35% memory=3500MB dbTime=45ms activeThreads=160
2026-07-31T09:02:06.300Z INFO  [payment-service-2] ENDURANCE request completed reqId=REQ-200421 endpoint=/api/payments status=200 latency=909ms cpu=36% memory=3505MB dbTime=46ms activeThreads=161
2026-07-31T09:02:06.600Z INFO  [payment-service-3] ENDURANCE request completed reqId=REQ-200422 endpoint=/api/payments/search status=200 latency=918ms cpu=37% memory=3510MB dbTime=47ms activeThreads=162
2026-07-31T09:02:06.900Z INFO  [payment-service-4] ENDURANCE request completed reqId=REQ-200423 endpoint=/api/accounts status=200 latency=927ms cpu=38% memory=3515MB dbTime=48ms activeThreads=163
2026-07-31T09:02:07.200Z INFO  [payment-service-1] ENDURANCE request completed reqId=REQ-200424 endpoint=/api/login status=200 latency=936ms cpu=39% memory=3520MB dbTime=49ms activeThreads=164
2026-07-31T09:02:07.500Z INFO  [payment-service-2] ENDURANCE request completed reqId=REQ-200425 endpoint=/api/payments status=200 latency=945ms cpu=40% memory=3525MB dbTime=50ms activeThreads=165
2026-07-31T09:02:07.800Z ERROR [payment-service-3] OutOfMemoryError: Java heap space heapUsed=3530MB heapMax=4096MB
2026-07-31T09:02:08.100Z INFO  [payment-service-4] ENDURANCE request completed reqId=REQ-200427 endpoint=/api/accounts status=200 latency=963ms cpu=42% memory=3535MB dbTime=52ms activeThreads=167
2026-07-31T09:02:08.400Z INFO  [payment-service-1] ENDURANCE request completed reqId=REQ-200428 endpoint=/api/login status=200 latency=972ms cpu=43% memory=3540MB dbTime=53ms activeThreads=168
2026-07-31T09:02:08.700Z INFO  [payment-service-2] ENDURANCE request completed reqId=REQ-200429 endpoint=/api/payments status=200 latency=981ms cpu=44% memory=3545MB dbTime=54ms activeThreads=169
2026-07-31T09:02:09.000Z WARN  [payment-service-3] Response time exceeded SLA endpoint=/api/payments latency=990ms threshold=1000ms cpu=45%
2026-07-31T09:02:09.300Z INFO  [payment-service-4] ENDURANCE request completed reqId=REQ-200431 endpoint=/api/accounts status=200 latency=999ms cpu=46% memory=3555MB dbTime=56ms activeThreads=171
2026-07-31T09:02:09.600Z INFO  [payment-service-1] ENDURANCE request completed reqId=REQ-200432 endpoint=/api/login status=200 latency=1008ms cpu=47% memory=3560MB dbTime=57ms activeThreads=172
2026-07-31T09:02:09.900Z INFO  [payment-service-2] ENDURANCE request completed reqId=REQ-200433 endpoint=/api/payments status=200 latency=1017ms cpu=48% memory=3565MB dbTime=58ms activeThreads=173
2026-07-31T09:02:10.200Z WARN  [payment-service-3] Full GC pause duration=1334ms heapUsed=3570MB
2026-07-31T09:02:10.500Z INFO  [payment-service-4] ENDURANCE request completed reqId=REQ-200435 endpoint=/api/accounts status=200 latency=1035ms cpu=50% memory=3575MB dbTime=60ms activeThreads=175
2026-07-31T09:02:10.800Z INFO  [payment-service-1] ENDURANCE request completed reqId=REQ-200436 endpoint=/api/login status=200 latency=1044ms cpu=51% memory=3580MB dbTime=61ms activeThreads=176
2026-07-31T09:02:11.100Z INFO  [payment-service-2] ENDURANCE request completed reqId=REQ-200437 endpoint=/api/payments status=200 latency=1053ms cpu=52% memory=3585MB dbTime=62ms activeThreads=177
2026-07-31T09:02:11.400Z INFO  [payment-service-3] ENDURANCE request completed reqId=REQ-200438 endpoint=/api/payments/search status=200 latency=1062ms cpu=53% memory=3590MB dbTime=63ms activeThreads=178
2026-07-31T09:02:11.700Z INFO  [payment-service-4] ENDURANCE request completed reqId=REQ-200439 endpoint=/api/accounts status=200 latency=1071ms cpu=54% memory=3595MB dbTime=64ms activeThreads=179
2026-07-31T09:02:12.000Z INFO  [payment-service-1] ENDURANCE request completed reqId=REQ-200440 endpoint=/api/login status=200 latency=1080ms cpu=55% memory=1400MB dbTime=65ms activeThreads=180
2026-07-31T09:02:12.300Z INFO  [payment-service-2] ENDURANCE request completed reqId=REQ-200441 endpoint=/api/payments status=200 latency=1089ms cpu=56% memory=1405MB dbTime=66ms activeThreads=181
2026-07-31T09:02:12.600Z INFO  [payment-service-3] ENDURANCE request completed reqId=REQ-200442 endpoint=/api/payments/search status=200 latency=1098ms cpu=57% memory=1410MB dbTime=67ms activeThreads=182
2026-07-31T09:02:12.900Z INFO  [payment-service-4] ENDURANCE request completed reqId=REQ-200443 endpoint=/api/accounts status=200 latency=1107ms cpu=58% memory=1415MB dbTime=68ms activeThreads=183
2026-07-31T09:02:13.200Z INFO  [payment-service-1] ENDURANCE request completed reqId=REQ-200444 endpoint=/api/login status=200 latency=1116ms cpu=59% memory=1420MB dbTime=69ms activeThreads=184
2026-07-31T09:02:13.500Z INFO  [payment-service-2] ENDURANCE request completed reqId=REQ-200445 endpoint=/api/payments status=200 latency=1125ms cpu=60% memory=1425MB dbTime=70ms activeThreads=185
2026-07-31T09:02:13.800Z INFO  [payment-service-3] ENDURANCE request completed reqId=REQ-200446 endpoint=/api/payments/search status=200 latency=1134ms cpu=61% memory=1430MB dbTime=71ms activeThreads=186
2026-07-31T09:02:14.100Z INFO  [payment-service-4] ENDURANCE request completed reqId=REQ-200447 endpoint=/api/accounts status=200 latency=1143ms cpu=62% memory=1435MB dbTime=72ms activeThreads=187
2026-07-31T09:02:14.400Z INFO  [payment-service-1] ENDURANCE request completed reqId=REQ-200448 endpoint=/api/login status=200 latency=1152ms cpu=63% memory=1440MB dbTime=73ms activeThreads=188
2026-07-31T09:02:14.700Z INFO  [payment-service-2] ENDURANCE request completed reqId=REQ-200449 endpoint=/api/payments status=200 latency=1161ms cpu=64% memory=1445MB dbTime=74ms activeThreads=189
2026-07-31T09:02:15.000Z INFO  [payment-service-3] ENDURANCE request completed reqId=REQ-200450 endpoint=/api/payments/search status=200 latency=1170ms cpu=65% memory=1450MB dbTime=75ms activeThreads=40
2026-07-31T09:02:15.300Z INFO  [payment-service-4] ENDURANCE request completed reqId=REQ-200451 endpoint=/api/accounts status=200 latency=1179ms cpu=66% memory=1455MB dbTime=76ms activeThreads=41
2026-07-31T09:02:15.600Z INFO  [payment-service-1] ENDURANCE request completed reqId=REQ-200452 endpoint=/api/login status=200 latency=1188ms cpu=67% memory=1460MB dbTime=77ms activeThreads=42
2026-07-31T09:02:15.900Z INFO  [payment-service-2] ENDURANCE request completed reqId=REQ-200453 endpoint=/api/payments status=200 latency=1197ms cpu=68% memory=1465MB dbTime=78ms activeThreads=43
2026-07-31T09:02:16.200Z INFO  [payment-service-3] ENDURANCE request completed reqId=REQ-200454 endpoint=/api/payments/search status=200 latency=1206ms cpu=69% memory=1470MB dbTime=79ms activeThreads=44
2026-07-31T09:02:16.500Z INFO  [payment-service-4] ENDURANCE request completed reqId=REQ-200455 endpoint=/api/accounts status=200 latency=1215ms cpu=70% memory=1475MB dbTime=80ms activeThreads=45
2026-07-31T09:02:16.800Z INFO  [payment-service-1] ENDURANCE request completed reqId=REQ-200456 endpoint=/api/login status=200 latency=1224ms cpu=71% memory=1480MB dbTime=81ms activeThreads=46
2026-07-31T09:02:17.100Z INFO  [payment-service-2] ENDURANCE request completed reqId=REQ-200457 endpoint=/api/payments status=200 latency=1233ms cpu=72% memory=1485MB dbTime=82ms activeThreads=47
2026-07-31T09:02:17.400Z INFO  [payment-service-3] ENDURANCE request completed reqId=REQ-200458 endpoint=/api/payments/search status=200 latency=1242ms cpu=73% memory=1490MB dbTime=83ms activeThreads=48
2026-07-31T09:02:17.700Z INFO  [payment-service-4] ENDURANCE request completed reqId=REQ-200459 endpoint=/api/accounts status=200 latency=1251ms cpu=74% memory=1495MB dbTime=84ms activeThreads=49
2026-07-31T09:02:18.000Z INFO  [payment-service-1] ENDURANCE request completed reqId=REQ-200460 endpoint=/api/login status=200 latency=1260ms cpu=75% memory=1500MB dbTime=85ms activeThreads=50
2026-07-31T09:02:18.300Z INFO  [payment-service-2] ENDURANCE request completed reqId=REQ-200461 endpoint=/api/payments status=200 latency=1269ms cpu=76% memory=1505MB dbTime=86ms activeThreads=51
2026-07-31T09:02:18.600Z INFO  [payment-service-3] ENDURANCE request completed reqId=REQ-200462 endpoint=/api/payments/search status=200 latency=1278ms cpu=77% memory=1510MB dbTime=87ms activeThreads=52
2026-07-31T09:02:18.900Z INFO  [payment-service-4] ENDURANCE request completed reqId=REQ-200463 endpoint=/api/accounts status=200 latency=1287ms cpu=78% memory=1515MB dbTime=88ms activeThreads=53
2026-07-31T09:02:19.200Z INFO  [payment-service-1] ENDURANCE request completed reqId=REQ-200464 endpoint=/api/login status=200 latency=1296ms cpu=79% memory=1520MB dbTime=89ms activeThreads=54
2026-07-31T09:02:19.500Z WARN  [payment-service-2] Full GC pause duration=1365ms heapUsed=1525MB
2026-07-31T09:02:19.800Z INFO  [payment-service-3] ENDURANCE request completed reqId=REQ-200466 endpoint=/api/payments/search status=200 latency=1314ms cpu=81% memory=1530MB dbTime=91ms activeThreads=56
2026-07-31T09:02:20.100Z INFO  [payment-service-4] ENDURANCE request completed reqId=REQ-200467 endpoint=/api/accounts status=200 latency=1323ms cpu=82% memory=1535MB dbTime=92ms activeThreads=57
2026-07-31T09:02:20.400Z INFO  [payment-service-1] ENDURANCE request completed reqId=REQ-200468 endpoint=/api/login status=200 latency=1332ms cpu=83% memory=1540MB dbTime=93ms activeThreads=58
2026-07-31T09:02:20.700Z INFO  [payment-service-2] ENDURANCE request completed reqId=REQ-200469 endpoint=/api/payments status=200 latency=1341ms cpu=84% memory=1545MB dbTime=94ms activeThreads=59
2026-07-31T09:02:21.000Z INFO  [payment-service-3] ENDURANCE request completed reqId=REQ-200470 endpoint=/api/payments/search status=200 latency=1350ms cpu=85% memory=1550MB dbTime=95ms activeThreads=60
2026-07-31T09:02:21.300Z INFO  [payment-service-4] ENDURANCE request completed reqId=REQ-200471 endpoint=/api/accounts status=200 latency=1359ms cpu=86% memory=1555MB dbTime=96ms activeThreads=61
2026-07-31T09:02:21.600Z ERROR [payment-service-1] Kubernetes Liveness probe failed. Container restarting restartCount=8
2026-07-31T09:02:21.900Z WARN  [payment-service-2] Response time exceeded SLA endpoint=/api/payments latency=1377ms threshold=1000ms cpu=88%
2026-07-31T09:02:22.200Z INFO  [payment-service-3] ENDURANCE request completed reqId=REQ-200474 endpoint=/api/payments/search status=200 latency=1386ms cpu=89% memory=1570MB dbTime=99ms activeThreads=64
2026-07-31T09:02:22.500Z INFO  [payment-service-4] ENDURANCE request completed reqId=REQ-200475 endpoint=/api/accounts status=200 latency=1395ms cpu=90% memory=1575MB dbTime=100ms activeThreads=65
2026-07-31T09:02:22.800Z INFO  [payment-service-1] ENDURANCE request completed reqId=REQ-200476 endpoint=/api/login status=200 latency=1404ms cpu=91% memory=1580MB dbTime=101ms activeThreads=66
2026-07-31T09:02:23.100Z INFO  [payment-service-2] ENDURANCE request completed reqId=REQ-200477 endpoint=/api/payments status=200 latency=1413ms cpu=92% memory=1585MB dbTime=102ms activeThreads=67
2026-07-31T09:02:23.400Z INFO  [payment-service-3] ENDURANCE request completed reqId=REQ-200478 endpoint=/api/payments/search status=200 latency=1422ms cpu=93% memory=1590MB dbTime=103ms activeThreads=68
2026-07-31T09:02:23.700Z INFO  [payment-service-4] ENDURANCE request completed reqId=REQ-200479 endpoint=/api/accounts status=200 latency=1431ms cpu=94% memory=1595MB dbTime=104ms activeThreads=69
2026-07-31T09:02:24.000Z INFO  [payment-service-1] ENDURANCE request completed reqId=REQ-200480 endpoint=/api/login status=200 latency=1440ms cpu=35% memory=1600MB dbTime=25ms activeThreads=70
2026-07-31T09:02:24.300Z INFO  [payment-service-2] ENDURANCE request completed reqId=REQ-200481 endpoint=/api/payments status=200 latency=1449ms cpu=36% memory=1605MB dbTime=26ms activeThreads=71
2026-07-31T09:02:24.600Z INFO  [payment-service-3] ENDURANCE request completed reqId=REQ-200482 endpoint=/api/payments/search status=200 latency=1458ms cpu=37% memory=1610MB dbTime=27ms activeThreads=72
2026-07-31T09:02:24.900Z INFO  [payment-service-4] ENDURANCE request completed reqId=REQ-200483 endpoint=/api/accounts status=200 latency=1467ms cpu=38% memory=1615MB dbTime=28ms activeThreads=73
2026-07-31T09:02:25.200Z INFO  [payment-service-1] ENDURANCE request completed reqId=REQ-200484 endpoint=/api/login status=200 latency=1476ms cpu=39% memory=1620MB dbTime=29ms activeThreads=74
2026-07-31T09:02:25.500Z ERROR [payment-service-2] HTTP 503 Service Unavailable reqId=REQ-200485 endpoint=/api/payments cause=Backend unavailable latency=1485ms cpu=40%
2026-07-31T09:02:25.800Z INFO  [payment-service-3] ENDURANCE request completed reqId=REQ-200486 endpoint=/api/payments/search status=200 latency=1494ms cpu=41% memory=1630MB dbTime=31ms activeThreads=76
2026-07-31T09:02:26.100Z INFO  [payment-service-4] ENDURANCE request completed reqId=REQ-200487 endpoint=/api/accounts status=200 latency=1503ms cpu=42% memory=1635MB dbTime=32ms activeThreads=77
2026-07-31T09:02:26.400Z INFO  [payment-service-1] ENDURANCE request completed reqId=REQ-200488 endpoint=/api/login status=200 latency=1512ms cpu=43% memory=1640MB dbTime=33ms activeThreads=78
2026-07-31T09:02:26.700Z INFO  [payment-service-2] ENDURANCE request completed reqId=REQ-200489 endpoint=/api/payments status=200 latency=1521ms cpu=44% memory=1645MB dbTime=34ms activeThreads=79
2026-07-31T09:02:27.000Z INFO  [payment-service-3] ENDURANCE request completed reqId=REQ-200490 endpoint=/api/payments/search status=200 latency=1530ms cpu=45% memory=1650MB dbTime=35ms activeThreads=80
2026-07-31T09:02:27.300Z INFO  [payment-service-4] ENDURANCE request completed reqId=REQ-200491 endpoint=/api/accounts status=200 latency=1539ms cpu=46% memory=1655MB dbTime=36ms activeThreads=81
2026-07-31T09:02:27.600Z INFO  [payment-service-1] ENDURANCE request completed reqId=REQ-200492 endpoint=/api/login status=200 latency=1548ms cpu=47% memory=1660MB dbTime=37ms activeThreads=82
2026-07-31T09:02:27.900Z INFO  [payment-service-2] ENDURANCE request completed reqId=REQ-200493 endpoint=/api/payments status=200 latency=1557ms cpu=48% memory=1665MB dbTime=38ms activeThreads=83
2026-07-31T09:02:28.200Z INFO  [payment-service-3] ENDURANCE request completed reqId=REQ-200494 endpoint=/api/payments/search status=200 latency=1566ms cpu=49% memory=1670MB dbTime=39ms activeThreads=84
2026-07-31T09:02:28.500Z INFO  [payment-service-4] ENDURANCE request completed reqId=REQ-200495 endpoint=/api/accounts status=200 latency=1575ms cpu=50% memory=1675MB dbTime=40ms activeThreads=85
2026-07-31T09:02:28.800Z WARN  [payment-service-1] Full GC pause duration=1396ms heapUsed=1680MB
2026-07-31T09:02:29.100Z ERROR [payment-service-2] OutOfMemoryError: Java heap space heapUsed=1685MB heapMax=4096MB
2026-07-31T09:02:29.400Z ERROR [payment-service-3] java.sql.SQLTransientConnectionException: HikariPool-1 - Connection is not available, request timed out after 30000ms reqId=REQ-200498
2026-07-31T09:02:29.700Z INFO  [payment-service-4] ENDURANCE request completed reqId=REQ-200499 endpoint=/api/accounts status=200 latency=1611ms cpu=54% memory=1695MB dbTime=44ms activeThreads=89
2026-07-31T09:02:30.000Z INFO  [payment-service-1] STRESS request completed reqId=REQ-200500 endpoint=/api/login status=200 latency=1620ms cpu=75% memory=1700MB dbTime=45ms activeThreads=90
2026-07-31T09:02:30.300Z INFO  [payment-service-2] STRESS request completed reqId=REQ-200501 endpoint=/api/payments status=200 latency=1629ms cpu=76% memory=1705MB dbTime=46ms activeThreads=91
2026-07-31T09:02:30.600Z INFO  [payment-service-3] STRESS request completed reqId=REQ-200502 endpoint=/api/payments/search status=200 latency=1638ms cpu=77% memory=1710MB dbTime=47ms activeThreads=92
2026-07-31T09:02:30.900Z INFO  [payment-service-4] STRESS request completed reqId=REQ-200503 endpoint=/api/accounts status=200 latency=1647ms cpu=78% memory=1715MB dbTime=48ms activeThreads=93
2026-07-31T09:02:31.200Z INFO  [payment-service-1] STRESS request completed reqId=REQ-200504 endpoint=/api/login status=200 latency=1656ms cpu=79% memory=1720MB dbTime=49ms activeThreads=94
2026-07-31T09:02:31.500Z INFO  [payment-service-2] STRESS request completed reqId=REQ-200505 endpoint=/api/payments status=200 latency=1665ms cpu=80% memory=1725MB dbTime=50ms activeThreads=95
2026-07-31T09:02:31.800Z INFO  [payment-service-3] STRESS request completed reqId=REQ-200506 endpoint=/api/payments/search status=200 latency=1674ms cpu=81% memory=1730MB dbTime=51ms activeThreads=96
2026-07-31T09:02:32.100Z INFO  [payment-service-4] STRESS request completed reqId=REQ-200507 endpoint=/api/accounts status=200 latency=1683ms cpu=82% memory=1735MB dbTime=52ms activeThreads=97
2026-07-31T09:02:32.400Z INFO  [payment-service-1] STRESS request completed reqId=REQ-200508 endpoint=/api/login status=200 latency=1692ms cpu=83% memory=1740MB dbTime=53ms activeThreads=98
2026-07-31T09:02:32.700Z INFO  [payment-service-2] STRESS request completed reqId=REQ-200509 endpoint=/api/payments status=200 latency=1701ms cpu=84% memory=1745MB dbTime=54ms activeThreads=99
2026-07-31T09:02:33.000Z INFO  [payment-service-3] STRESS request completed reqId=REQ-200510 endpoint=/api/payments/search status=200 latency=1710ms cpu=85% memory=1750MB dbTime=55ms activeThreads=100
2026-07-31T09:02:33.300Z INFO  [payment-service-4] STRESS request completed reqId=REQ-200511 endpoint=/api/accounts status=200 latency=1719ms cpu=86% memory=1755MB dbTime=56ms activeThreads=101
2026-07-31T09:02:33.600Z INFO  [payment-service-1] STRESS request completed reqId=REQ-200512 endpoint=/api/login status=200 latency=1728ms cpu=87% memory=1760MB dbTime=57ms activeThreads=102
2026-07-31T09:02:33.900Z INFO  [payment-service-2] STRESS request completed reqId=REQ-200513 endpoint=/api/payments status=200 latency=1737ms cpu=88% memory=1765MB dbTime=58ms activeThreads=103
2026-07-31T09:02:34.200Z INFO  [payment-service-3] STRESS request completed reqId=REQ-200514 endpoint=/api/payments/search status=200 latency=1746ms cpu=89% memory=1770MB dbTime=59ms activeThreads=104
2026-07-31T09:02:34.500Z INFO  [payment-service-4] STRESS request completed reqId=REQ-200515 endpoint=/api/accounts status=200 latency=1755ms cpu=90% memory=1775MB dbTime=60ms activeThreads=105
2026-07-31T09:02:34.800Z WARN  [payment-service-1] Response time exceeded SLA endpoint=/api/payments latency=1764ms threshold=1000ms cpu=91%
2026-07-31T09:02:35.100Z INFO  [payment-service-2] STRESS request completed reqId=REQ-200517 endpoint=/api/payments status=200 latency=1773ms cpu=92% memory=1785MB dbTime=62ms activeThreads=107
2026-07-31T09:02:35.400Z INFO  [payment-service-3] STRESS request completed reqId=REQ-200518 endpoint=/api/payments/search status=200 latency=1782ms cpu=93% memory=1790MB dbTime=63ms activeThreads=108
2026-07-31T09:02:35.700Z INFO  [payment-service-4] STRESS request completed reqId=REQ-200519 endpoint=/api/accounts status=200 latency=1791ms cpu=94% memory=1795MB dbTime=64ms activeThreads=109
2026-07-31T09:02:36.000Z INFO  [payment-service-1] STRESS request completed reqId=REQ-200520 endpoint=/api/login status=200 latency=1800ms cpu=95% memory=1800MB dbTime=65ms activeThreads=110
2026-07-31T09:02:36.300Z INFO  [payment-service-2] STRESS request completed reqId=REQ-200521 endpoint=/api/payments status=200 latency=1809ms cpu=96% memory=1805MB dbTime=66ms activeThreads=111
2026-07-31T09:02:36.600Z INFO  [payment-service-3] STRESS request completed reqId=REQ-200522 endpoint=/api/payments/search status=200 latency=1818ms cpu=97% memory=1810MB dbTime=67ms activeThreads=112
2026-07-31T09:02:36.900Z INFO  [payment-service-4] STRESS request completed reqId=REQ-200523 endpoint=/api/accounts status=200 latency=1827ms cpu=98% memory=1815MB dbTime=68ms activeThreads=113
2026-07-31T09:02:37.200Z INFO  [payment-service-1] STRESS request completed reqId=REQ-200524 endpoint=/api/login status=200 latency=1836ms cpu=99% memory=1820MB dbTime=69ms activeThreads=114
2026-07-31T09:02:37.500Z INFO  [payment-service-2] STRESS request completed reqId=REQ-200525 endpoint=/api/payments status=200 latency=1845ms cpu=100% memory=1825MB dbTime=70ms activeThreads=115
2026-07-31T09:02:37.800Z INFO  [payment-service-3] STRESS request completed reqId=REQ-200526 endpoint=/api/payments/search status=200 latency=1854ms cpu=100% memory=1830MB dbTime=71ms activeThreads=116
2026-07-31T09:02:38.100Z WARN  [payment-service-4] Full GC pause duration=1427ms heapUsed=1835MB
2026-07-31T09:02:38.400Z INFO  [payment-service-1] STRESS request completed reqId=REQ-200528 endpoint=/api/login status=200 latency=1872ms cpu=100% memory=1840MB dbTime=73ms activeThreads=118
2026-07-31T09:02:38.700Z INFO  [payment-service-2] STRESS request completed reqId=REQ-200529 endpoint=/api/payments status=200 latency=1881ms cpu=100% memory=1845MB dbTime=74ms activeThreads=119
2026-07-31T09:02:39.000Z INFO  [payment-service-3] STRESS request completed reqId=REQ-200530 endpoint=/api/payments/search status=200 latency=1890ms cpu=100% memory=1850MB dbTime=75ms activeThreads=120
2026-07-31T09:02:39.300Z ERROR [payment-service-4] Kubernetes Liveness probe failed. Container restarting restartCount=9
2026-07-31T09:02:39.600Z INFO  [payment-service-1] STRESS request completed reqId=REQ-200532 endpoint=/api/login status=200 latency=1908ms cpu=100% memory=1860MB dbTime=77ms activeThreads=122
2026-07-31T09:02:39.900Z INFO  [payment-service-2] STRESS request completed reqId=REQ-200533 endpoint=/api/payments status=200 latency=1917ms cpu=100% memory=1865MB dbTime=78ms activeThreads=123
2026-07-31T09:02:40.200Z INFO  [payment-service-3] STRESS request completed reqId=REQ-200534 endpoint=/api/payments/search status=200 latency=1926ms cpu=100% memory=1870MB dbTime=79ms activeThreads=124
2026-07-31T09:02:40.500Z INFO  [payment-service-4] STRESS request completed reqId=REQ-200535 endpoint=/api/accounts status=200 latency=1935ms cpu=100% memory=1875MB dbTime=80ms activeThreads=125
2026-07-31T09:02:40.800Z INFO  [payment-service-1] STRESS request completed reqId=REQ-200536 endpoint=/api/login status=200 latency=1944ms cpu=100% memory=1880MB dbTime=81ms activeThreads=126
2026-07-31T09:02:41.100Z INFO  [payment-service-2] STRESS request completed reqId=REQ-200537 endpoint=/api/payments status=200 latency=1953ms cpu=100% memory=1885MB dbTime=82ms activeThreads=127
2026-07-31T09:02:41.400Z INFO  [payment-service-3] STRESS request completed reqId=REQ-200538 endpoint=/api/payments/search status=200 latency=1962ms cpu=100% memory=1890MB dbTime=83ms activeThreads=128
2026-07-31T09:02:41.700Z INFO  [payment-service-4] STRESS request completed reqId=REQ-200539 endpoint=/api/accounts status=200 latency=1971ms cpu=100% memory=1895MB dbTime=84ms activeThreads=129
2026-07-31T09:02:42.000Z INFO  [payment-service-1] STRESS request completed reqId=REQ-200540 endpoint=/api/login status=200 latency=1980ms cpu=55% memory=1900MB dbTime=85ms activeThreads=130
2026-07-31T09:02:42.300Z INFO  [payment-service-2] STRESS request completed reqId=REQ-200541 endpoint=/api/payments status=200 latency=1989ms cpu=56% memory=1905MB dbTime=86ms activeThreads=131
2026-07-31T09:02:42.600Z INFO  [payment-service-3] STRESS request completed reqId=REQ-200542 endpoint=/api/payments/search status=200 latency=1998ms cpu=57% memory=1910MB dbTime=87ms activeThreads=132
2026-07-31T09:02:42.900Z INFO  [payment-service-4] STRESS request completed reqId=REQ-200543 endpoint=/api/accounts status=200 latency=2007ms cpu=58% memory=1915MB dbTime=88ms activeThreads=133
2026-07-31T09:02:43.200Z INFO  [payment-service-1] STRESS request completed reqId=REQ-200544 endpoint=/api/login status=200 latency=2016ms cpu=59% memory=1920MB dbTime=89ms activeThreads=134
2026-07-31T09:02:43.500Z INFO  [payment-service-2] STRESS request completed reqId=REQ-200545 endpoint=/api/payments status=200 latency=2025ms cpu=60% memory=1925MB dbTime=90ms activeThreads=135
2026-07-31T09:02:43.800Z INFO  [payment-service-3] STRESS request completed reqId=REQ-200546 endpoint=/api/payments/search status=200 latency=2034ms cpu=61% memory=1930MB dbTime=91ms activeThreads=136
2026-07-31T09:02:44.100Z INFO  [payment-service-4] STRESS request completed reqId=REQ-200547 endpoint=/api/accounts status=200 latency=2043ms cpu=62% memory=1935MB dbTime=92ms activeThreads=137
2026-07-31T09:02:44.400Z INFO  [payment-service-1] STRESS request completed reqId=REQ-200548 endpoint=/api/login status=200 latency=2052ms cpu=63% memory=1940MB dbTime=93ms activeThreads=138
2026-07-31T09:02:44.700Z INFO  [payment-service-2] STRESS request completed reqId=REQ-200549 endpoint=/api/payments status=200 latency=2061ms cpu=64% memory=1945MB dbTime=94ms activeThreads=139
2026-07-31T09:02:45.000Z INFO  [payment-service-3] STRESS request completed reqId=REQ-200550 endpoint=/api/payments/search status=200 latency=2070ms cpu=65% memory=1950MB dbTime=95ms activeThreads=140
2026-07-31T09:02:45.300Z INFO  [payment-service-4] STRESS request completed reqId=REQ-200551 endpoint=/api/accounts status=200 latency=2079ms cpu=66% memory=1955MB dbTime=96ms activeThreads=141
2026-07-31T09:02:45.600Z INFO  [payment-service-1] STRESS request completed reqId=REQ-200552 endpoint=/api/login status=200 latency=2088ms cpu=67% memory=1960MB dbTime=97ms activeThreads=142
2026-07-31T09:02:45.900Z INFO  [payment-service-2] STRESS request completed reqId=REQ-200553 endpoint=/api/payments status=200 latency=2097ms cpu=68% memory=1965MB dbTime=98ms activeThreads=143
2026-07-31T09:02:46.200Z INFO  [payment-service-3] STRESS request completed reqId=REQ-200554 endpoint=/api/payments/search status=200 latency=2106ms cpu=69% memory=1970MB dbTime=99ms activeThreads=144
2026-07-31T09:02:46.500Z INFO  [payment-service-4] STRESS request completed reqId=REQ-200555 endpoint=/api/accounts status=200 latency=2115ms cpu=70% memory=1975MB dbTime=100ms activeThreads=145
2026-07-31T09:02:46.800Z INFO  [payment-service-1] STRESS request completed reqId=REQ-200556 endpoint=/api/login status=200 latency=2124ms cpu=71% memory=1980MB dbTime=101ms activeThreads=146
2026-07-31T09:02:47.100Z INFO  [payment-service-2] STRESS request completed reqId=REQ-200557 endpoint=/api/payments status=200 latency=2133ms cpu=72% memory=1985MB dbTime=102ms activeThreads=147
2026-07-31T09:02:47.400Z WARN  [payment-service-3] Full GC pause duration=1458ms heapUsed=1990MB
2026-07-31T09:02:47.700Z WARN  [payment-service-4] Response time exceeded SLA endpoint=/api/payments latency=2151ms threshold=1000ms cpu=74%
2026-07-31T09:02:48.000Z INFO  [payment-service-1] STRESS request completed reqId=REQ-200560 endpoint=/api/login status=200 latency=2160ms cpu=75% memory=2000MB dbTime=25ms activeThreads=150
2026-07-31T09:02:48.300Z INFO  [payment-service-2] STRESS request completed reqId=REQ-200561 endpoint=/api/payments status=200 latency=2169ms cpu=76% memory=2005MB dbTime=26ms activeThreads=151
2026-07-31T09:02:48.600Z INFO  [payment-service-3] STRESS request completed reqId=REQ-200562 endpoint=/api/payments/search status=200 latency=2178ms cpu=77% memory=2010MB dbTime=27ms activeThreads=152
2026-07-31T09:02:48.900Z INFO  [payment-service-4] STRESS request completed reqId=REQ-200563 endpoint=/api/accounts status=200 latency=2187ms cpu=78% memory=2015MB dbTime=28ms activeThreads=153
2026-07-31T09:02:49.200Z INFO  [payment-service-1] STRESS request completed reqId=REQ-200564 endpoint=/api/login status=200 latency=2196ms cpu=79% memory=2020MB dbTime=29ms activeThreads=154
2026-07-31T09:02:49.500Z INFO  [payment-service-2] STRESS request completed reqId=REQ-200565 endpoint=/api/payments status=200 latency=2205ms cpu=80% memory=2025MB dbTime=30ms activeThreads=155
2026-07-31T09:02:49.800Z INFO  [payment-service-3] STRESS request completed reqId=REQ-200566 endpoint=/api/payments/search status=200 latency=2214ms cpu=81% memory=2030MB dbTime=31ms activeThreads=156
2026-07-31T09:02:50.100Z INFO  [payment-service-4] STRESS request completed reqId=REQ-200567 endpoint=/api/accounts status=200 latency=2223ms cpu=82% memory=2035MB dbTime=32ms activeThreads=157
2026-07-31T09:02:50.400Z ERROR [payment-service-1] OutOfMemoryError: Java heap space heapUsed=2040MB heapMax=4096MB
2026-07-31T09:02:50.700Z INFO  [payment-service-2] STRESS request completed reqId=REQ-200569 endpoint=/api/payments status=200 latency=2241ms cpu=84% memory=2045MB dbTime=34ms activeThreads=159
2026-07-31T09:02:51.000Z INFO  [payment-service-3] STRESS request completed reqId=REQ-200570 endpoint=/api/payments/search status=200 latency=2250ms cpu=85% memory=2050MB dbTime=35ms activeThreads=160
2026-07-31T09:02:51.300Z INFO  [payment-service-4] STRESS request completed reqId=REQ-200571 endpoint=/api/accounts status=200 latency=2259ms cpu=86% memory=2055MB dbTime=36ms activeThreads=161
2026-07-31T09:02:51.600Z INFO  [payment-service-1] STRESS request completed reqId=REQ-200572 endpoint=/api/login status=200 latency=2268ms cpu=87% memory=2060MB dbTime=37ms activeThreads=162
2026-07-31T09:02:51.900Z INFO  [payment-service-2] STRESS request completed reqId=REQ-200573 endpoint=/api/payments status=200 latency=2277ms cpu=88% memory=2065MB dbTime=38ms activeThreads=163
2026-07-31T09:02:52.200Z INFO  [payment-service-3] STRESS request completed reqId=REQ-200574 endpoint=/api/payments/search status=200 latency=2286ms cpu=89% memory=2070MB dbTime=39ms activeThreads=164
2026-07-31T09:02:52.500Z INFO  [payment-service-4] STRESS request completed reqId=REQ-200575 endpoint=/api/accounts status=200 latency=2295ms cpu=90% memory=2075MB dbTime=40ms activeThreads=165
2026-07-31T09:02:52.800Z INFO  [payment-service-1] STRESS request completed reqId=REQ-200576 endpoint=/api/login status=200 latency=2304ms cpu=91% memory=2080MB dbTime=41ms activeThreads=166
2026-07-31T09:02:53.100Z INFO  [payment-service-2] STRESS request completed reqId=REQ-200577 endpoint=/api/payments status=200 latency=2313ms cpu=92% memory=2085MB dbTime=42ms activeThreads=167
2026-07-31T09:02:53.400Z INFO  [payment-service-3] STRESS request completed reqId=REQ-200578 endpoint=/api/payments/search status=200 latency=2322ms cpu=93% memory=2090MB dbTime=43ms activeThreads=168
2026-07-31T09:02:53.700Z INFO  [payment-service-4] STRESS request completed reqId=REQ-200579 endpoint=/api/accounts status=200 latency=2331ms cpu=94% memory=2095MB dbTime=44ms activeThreads=169
2026-07-31T09:02:54.000Z INFO  [payment-service-1] STRESS request completed reqId=REQ-200580 endpoint=/api/login status=200 latency=2340ms cpu=95% memory=2100MB dbTime=45ms activeThreads=170
2026-07-31T09:02:54.300Z ERROR [payment-service-2] java.sql.SQLTransientConnectionException: HikariPool-1 - Connection is not available, request timed out after 30000ms reqId=REQ-200581
2026-07-31T09:02:54.600Z ERROR [payment-service-3] HTTP 503 Service Unavailable reqId=REQ-200582 endpoint=/api/payments cause=Backend unavailable latency=2358ms cpu=97%
2026-07-31T09:02:54.900Z INFO  [payment-service-4] STRESS request completed reqId=REQ-200583 endpoint=/api/accounts status=200 latency=2367ms cpu=98% memory=2115MB dbTime=48ms activeThreads=173
2026-07-31T09:02:55.200Z INFO  [payment-service-1] STRESS request completed reqId=REQ-200584 endpoint=/api/login status=200 latency=2376ms cpu=99% memory=2120MB dbTime=49ms activeThreads=174
2026-07-31T09:02:55.500Z INFO  [payment-service-2] STRESS request completed reqId=REQ-200585 endpoint=/api/payments status=200 latency=2385ms cpu=100% memory=2125MB dbTime=50ms activeThreads=175
2026-07-31T09:02:55.800Z INFO  [payment-service-3] STRESS request completed reqId=REQ-200586 endpoint=/api/payments/search status=200 latency=2394ms cpu=100% memory=2130MB dbTime=51ms activeThreads=176
2026-07-31T09:02:56.100Z INFO  [payment-service-4] STRESS request completed reqId=REQ-200587 endpoint=/api/accounts status=200 latency=2403ms cpu=100% memory=2135MB dbTime=52ms activeThreads=177
2026-07-31T09:02:56.400Z INFO  [payment-service-1] STRESS request completed reqId=REQ-200588 endpoint=/api/login status=200 latency=2412ms cpu=100% memory=2140MB dbTime=53ms activeThreads=178
2026-07-31T09:02:56.700Z WARN  [payment-service-2] Full GC pause duration=1489ms heapUsed=2145MB
2026-07-31T09:02:57.000Z ERROR [payment-service-3] Kubernetes Liveness probe failed. Container restarting restartCount=10
2026-07-31T09:02:57.300Z INFO  [payment-service-4] STRESS request completed reqId=REQ-200591 endpoint=/api/accounts status=200 latency=2439ms cpu=100% memory=2155MB dbTime=56ms activeThreads=181
2026-07-31T09:02:57.600Z INFO  [payment-service-1] STRESS request completed reqId=REQ-200592 endpoint=/api/login status=200 latency=2448ms cpu=100% memory=2160MB dbTime=57ms activeThreads=182
2026-07-31T09:02:57.900Z INFO  [payment-service-2] STRESS request completed reqId=REQ-200593 endpoint=/api/payments status=200 latency=2457ms cpu=100% memory=2165MB dbTime=58ms activeThreads=183
2026-07-31T09:02:58.200Z INFO  [payment-service-3] STRESS request completed reqId=REQ-200594 endpoint=/api/payments/search status=200 latency=2466ms cpu=100% memory=2170MB dbTime=59ms activeThreads=184
2026-07-31T09:02:58.500Z INFO  [payment-service-4] STRESS request completed reqId=REQ-200595 endpoint=/api/accounts status=200 latency=2475ms cpu=100% memory=2175MB dbTime=60ms activeThreads=185
2026-07-31T09:02:58.800Z INFO  [payment-service-1] STRESS request completed reqId=REQ-200596 endpoint=/api/login status=200 latency=2484ms cpu=100% memory=2180MB dbTime=61ms activeThreads=186
2026-07-31T09:02:59.100Z INFO  [payment-service-2] STRESS request completed reqId=REQ-200597 endpoint=/api/payments status=200 latency=2493ms cpu=100% memory=2185MB dbTime=62ms activeThreads=187
2026-07-31T09:02:59.400Z INFO  [payment-service-3] STRESS request completed reqId=REQ-200598 endpoint=/api/payments/search status=200 latency=2502ms cpu=100% memory=2190MB dbTime=63ms activeThreads=188
2026-07-31T09:02:59.700Z INFO  [payment-service-4] STRESS request completed reqId=REQ-200599 endpoint=/api/accounts status=200 latency=2511ms cpu=100% memory=2195MB dbTime=64ms activeThreads=189
2026-07-31T09:03:00.000Z INFO  [payment-service-1] STRESS request completed reqId=REQ-200600 endpoint=/api/login status=200 latency=2520ms cpu=55% memory=2200MB dbTime=65ms activeThreads=40
2026-07-31T09:03:00.300Z INFO  [payment-service-2] STRESS request completed reqId=REQ-200601 endpoint=/api/payments status=200 latency=2529ms cpu=56% memory=2205MB dbTime=66ms activeThreads=41
2026-07-31T09:03:00.600Z WARN  [payment-service-3] Response time exceeded SLA endpoint=/api/payments latency=2538ms threshold=1000ms cpu=57%
2026-07-31T09:03:00.900Z INFO  [payment-service-4] STRESS request completed reqId=REQ-200603 endpoint=/api/accounts status=200 latency=2547ms cpu=58% memory=2215MB dbTime=68ms activeThreads=43
2026-07-31T09:03:01.200Z INFO  [payment-service-1] STRESS request completed reqId=REQ-200604 endpoint=/api/login status=200 latency=2556ms cpu=59% memory=2220MB dbTime=69ms activeThreads=44
2026-07-31T09:03:01.500Z INFO  [payment-service-2] STRESS request completed reqId=REQ-200605 endpoint=/api/payments status=200 latency=2565ms cpu=60% memory=2225MB dbTime=70ms activeThreads=45
2026-07-31T09:03:01.800Z INFO  [payment-service-3] STRESS request completed reqId=REQ-200606 endpoint=/api/payments/search status=200 latency=2574ms cpu=61% memory=2230MB dbTime=71ms activeThreads=46
2026-07-31T09:03:02.100Z INFO  [payment-service-4] STRESS request completed reqId=REQ-200607 endpoint=/api/accounts status=200 latency=2583ms cpu=62% memory=2235MB dbTime=72ms activeThreads=47
2026-07-31T09:03:02.400Z INFO  [payment-service-1] STRESS request completed reqId=REQ-200608 endpoint=/api/login status=200 latency=2592ms cpu=63% memory=2240MB dbTime=73ms activeThreads=48
2026-07-31T09:03:02.700Z INFO  [payment-service-2] STRESS request completed reqId=REQ-200609 endpoint=/api/payments status=200 latency=2601ms cpu=64% memory=2245MB dbTime=74ms activeThreads=49
2026-07-31T09:03:03.000Z INFO  [payment-service-3] STRESS request completed reqId=REQ-200610 endpoint=/api/payments/search status=200 latency=2610ms cpu=65% memory=2250MB dbTime=75ms activeThreads=50
2026-07-31T09:03:03.300Z INFO  [payment-service-4] STRESS request completed reqId=REQ-200611 endpoint=/api/accounts status=200 latency=2619ms cpu=66% memory=2255MB dbTime=76ms activeThreads=51
2026-07-31T09:03:03.600Z INFO  [payment-service-1] STRESS request completed reqId=REQ-200612 endpoint=/api/login status=200 latency=2628ms cpu=67% memory=2260MB dbTime=77ms activeThreads=52
2026-07-31T09:03:03.900Z INFO  [payment-service-2] STRESS request completed reqId=REQ-200613 endpoint=/api/payments status=200 latency=2637ms cpu=68% memory=2265MB dbTime=78ms activeThreads=53
2026-07-31T09:03:04.200Z INFO  [payment-service-3] STRESS request completed reqId=REQ-200614 endpoint=/api/payments/search status=200 latency=2646ms cpu=69% memory=2270MB dbTime=79ms activeThreads=54
2026-07-31T09:03:04.500Z INFO  [payment-service-4] STRESS request completed reqId=REQ-200615 endpoint=/api/accounts status=200 latency=2655ms cpu=70% memory=2275MB dbTime=80ms activeThreads=55
2026-07-31T09:03:04.800Z INFO  [payment-service-1] STRESS request completed reqId=REQ-200616 endpoint=/api/login status=200 latency=2664ms cpu=71% memory=2280MB dbTime=81ms activeThreads=56
2026-07-31T09:03:05.100Z INFO  [payment-service-2] STRESS request completed reqId=REQ-200617 endpoint=/api/payments status=200 latency=2673ms cpu=72% memory=2285MB dbTime=82ms activeThreads=57
2026-07-31T09:03:05.400Z INFO  [payment-service-3] STRESS request completed reqId=REQ-200618 endpoint=/api/payments/search status=200 latency=2682ms cpu=73% memory=2290MB dbTime=83ms activeThreads=58
2026-07-31T09:03:05.700Z INFO  [payment-service-4] STRESS request completed reqId=REQ-200619 endpoint=/api/accounts status=200 latency=2691ms cpu=74% memory=2295MB dbTime=84ms activeThreads=59
2026-07-31T09:03:06.000Z WARN  [payment-service-1] Full GC pause duration=1520ms heapUsed=2300MB
2026-07-31T09:03:06.300Z INFO  [payment-service-2] STRESS request completed reqId=REQ-200621 endpoint=/api/payments status=200 latency=2709ms cpu=76% memory=2305MB dbTime=86ms activeThreads=61
2026-07-31T09:03:06.600Z INFO  [payment-service-3] STRESS request completed reqId=REQ-200622 endpoint=/api/payments/search status=200 latency=2718ms cpu=77% memory=2310MB dbTime=87ms activeThreads=62
2026-07-31T09:03:06.900Z INFO  [payment-service-4] STRESS request completed reqId=REQ-200623 endpoint=/api/accounts status=200 latency=2727ms cpu=78% memory=2315MB dbTime=88ms activeThreads=63
2026-07-31T09:03:07.200Z INFO  [payment-service-1] STRESS request completed reqId=REQ-200624 endpoint=/api/login status=200 latency=2736ms cpu=79% memory=2320MB dbTime=89ms activeThreads=64
2026-07-31T09:03:07.500Z INFO  [payment-service-2] STRESS request completed reqId=REQ-200625 endpoint=/api/payments status=200 latency=2745ms cpu=80% memory=2325MB dbTime=90ms activeThreads=65
2026-07-31T09:03:07.800Z INFO  [payment-service-3] STRESS request completed reqId=REQ-200626 endpoint=/api/payments/search status=200 latency=2754ms cpu=81% memory=2330MB dbTime=91ms activeThreads=66
2026-07-31T09:03:08.100Z INFO  [payment-service-4] STRESS request completed reqId=REQ-200627 endpoint=/api/accounts status=200 latency=2763ms cpu=82% memory=2335MB dbTime=92ms activeThreads=67
2026-07-31T09:03:08.400Z INFO  [payment-service-1] STRESS request completed reqId=REQ-200628 endpoint=/api/login status=200 latency=2772ms cpu=83% memory=2340MB dbTime=93ms activeThreads=68
2026-07-31T09:03:08.700Z INFO  [payment-service-2] STRESS request completed reqId=REQ-200629 endpoint=/api/payments status=200 latency=2781ms cpu=84% memory=2345MB dbTime=94ms activeThreads=69
2026-07-31T09:03:09.000Z INFO  [payment-service-3] STRESS request completed reqId=REQ-200630 endpoint=/api/payments/search status=200 latency=2790ms cpu=85% memory=2350MB dbTime=95ms activeThreads=70
2026-07-31T09:03:09.300Z INFO  [payment-service-4] STRESS request completed reqId=REQ-200631 endpoint=/api/accounts status=200 latency=2799ms cpu=86% memory=2355MB dbTime=96ms activeThreads=71
2026-07-31T09:03:09.600Z INFO  [payment-service-1] STRESS request completed reqId=REQ-200632 endpoint=/api/login status=200 latency=2808ms cpu=87% memory=2360MB dbTime=97ms activeThreads=72
2026-07-31T09:03:09.900Z INFO  [payment-service-2] STRESS request completed reqId=REQ-200633 endpoint=/api/payments status=200 latency=2817ms cpu=88% memory=2365MB dbTime=98ms activeThreads=73
2026-07-31T09:03:10.200Z INFO  [payment-service-3] STRESS request completed reqId=REQ-200634 endpoint=/api/payments/search status=200 latency=2826ms cpu=89% memory=2370MB dbTime=99ms activeThreads=74
2026-07-31T09:03:10.500Z INFO  [payment-service-4] STRESS request completed reqId=REQ-200635 endpoint=/api/accounts status=200 latency=2835ms cpu=90% memory=2375MB dbTime=100ms activeThreads=75
2026-07-31T09:03:10.800Z INFO  [payment-service-1] STRESS request completed reqId=REQ-200636 endpoint=/api/login status=200 latency=2844ms cpu=91% memory=2380MB dbTime=101ms activeThreads=76
2026-07-31T09:03:11.100Z INFO  [payment-service-2] STRESS request completed reqId=REQ-200637 endpoint=/api/payments status=200 latency=2853ms cpu=92% memory=2385MB dbTime=102ms activeThreads=77
2026-07-31T09:03:11.400Z INFO  [payment-service-3] STRESS request completed reqId=REQ-200638 endpoint=/api/payments/search status=200 latency=2862ms cpu=93% memory=2390MB dbTime=103ms activeThreads=78
2026-07-31T09:03:11.700Z ERROR [payment-service-4] OutOfMemoryError: Java heap space heapUsed=2395MB heapMax=4096MB
2026-07-31T09:03:12.000Z INFO  [payment-service-1] STRESS request completed reqId=REQ-200640 endpoint=/api/login status=200 latency=2880ms cpu=95% memory=2400MB dbTime=25ms activeThreads=80
2026-07-31T09:03:12.300Z INFO  [payment-service-2] STRESS request completed reqId=REQ-200641 endpoint=/api/payments status=200 latency=2889ms cpu=96% memory=2405MB dbTime=26ms activeThreads=81
2026-07-31T09:03:12.600Z INFO  [payment-service-3] STRESS request completed reqId=REQ-200642 endpoint=/api/payments/search status=200 latency=2898ms cpu=97% memory=2410MB dbTime=27ms activeThreads=82
2026-07-31T09:03:12.900Z INFO  [payment-service-4] STRESS request completed reqId=REQ-200643 endpoint=/api/accounts status=200 latency=2907ms cpu=98% memory=2415MB dbTime=28ms activeThreads=83
2026-07-31T09:03:13.200Z INFO  [payment-service-1] STRESS request completed reqId=REQ-200644 endpoint=/api/login status=200 latency=2916ms cpu=99% memory=2420MB dbTime=29ms activeThreads=84
2026-07-31T09:03:13.500Z WARN  [payment-service-2] Response time exceeded SLA endpoint=/api/payments latency=2925ms threshold=1000ms cpu=100%
2026-07-31T09:03:13.800Z INFO  [payment-service-3] STRESS request completed reqId=REQ-200646 endpoint=/api/payments/search status=200 latency=2934ms cpu=100% memory=2430MB dbTime=31ms activeThreads=86
2026-07-31T09:03:14.100Z INFO  [payment-service-4] STRESS request completed reqId=REQ-200647 endpoint=/api/accounts status=200 latency=2943ms cpu=100% memory=2435MB dbTime=32ms activeThreads=87
2026-07-31T09:03:14.400Z INFO  [payment-service-1] STRESS request completed reqId=REQ-200648 endpoint=/api/login status=200 latency=2952ms cpu=100% memory=2440MB dbTime=33ms activeThreads=88
2026-07-31T09:03:14.700Z ERROR [payment-service-2] Kubernetes Liveness probe failed. Container restarting restartCount=11
2026-07-31T09:03:15.000Z INFO  [payment-service-3] STRESS request completed reqId=REQ-200650 endpoint=/api/payments/search status=200 latency=2970ms cpu=100% memory=2450MB dbTime=35ms activeThreads=90
2026-07-31T09:03:15.300Z WARN  [payment-service-4] Full GC pause duration=1551ms heapUsed=2455MB
2026-07-31T09:03:15.600Z INFO  [payment-service-1] STRESS request completed reqId=REQ-200652 endpoint=/api/login status=200 latency=2988ms cpu=100% memory=2460MB dbTime=37ms activeThreads=92
2026-07-31T09:03:15.900Z INFO  [payment-service-2] STRESS request completed reqId=REQ-200653 endpoint=/api/payments status=200 latency=2997ms cpu=100% memory=2465MB dbTime=38ms activeThreads=93
2026-07-31T09:03:16.200Z INFO  [payment-service-3] STRESS request completed reqId=REQ-200654 endpoint=/api/payments/search status=200 latency=3006ms cpu=100% memory=2470MB dbTime=39ms activeThreads=94
2026-07-31T09:03:16.500Z INFO  [payment-service-4] STRESS request completed reqId=REQ-200655 endpoint=/api/accounts status=200 latency=3015ms cpu=100% memory=2475MB dbTime=40ms activeThreads=95
2026-07-31T09:03:16.800Z INFO  [payment-service-1] STRESS request completed reqId=REQ-200656 endpoint=/api/login status=200 latency=3024ms cpu=100% memory=2480MB dbTime=41ms activeThreads=96
2026-07-31T09:03:17.100Z INFO  [payment-service-2] STRESS request completed reqId=REQ-200657 endpoint=/api/payments status=200 latency=3033ms cpu=100% memory=2485MB dbTime=42ms activeThreads=97
2026-07-31T09:03:17.400Z INFO  [payment-service-3] STRESS request completed reqId=REQ-200658 endpoint=/api/payments/search status=200 latency=3042ms cpu=100% memory=2490MB dbTime=43ms activeThreads=98
2026-07-31T09:03:17.700Z INFO  [payment-service-4] STRESS request completed reqId=REQ-200659 endpoint=/api/accounts status=200 latency=3051ms cpu=100% memory=2495MB dbTime=44ms activeThreads=99
2026-07-31T09:03:18.000Z INFO  [payment-service-1] STRESS request completed reqId=REQ-200660 endpoint=/api/login status=200 latency=3060ms cpu=55% memory=2500MB dbTime=45ms activeThreads=100
2026-07-31T09:03:18.300Z INFO  [payment-service-2] STRESS request completed reqId=REQ-200661 endpoint=/api/payments status=200 latency=3069ms cpu=56% memory=2505MB dbTime=46ms activeThreads=101
2026-07-31T09:03:18.600Z INFO  [payment-service-3] STRESS request completed reqId=REQ-200662 endpoint=/api/payments/search status=200 latency=3078ms cpu=57% memory=2510MB dbTime=47ms activeThreads=102
2026-07-31T09:03:18.900Z INFO  [payment-service-4] STRESS request completed reqId=REQ-200663 endpoint=/api/accounts status=200 latency=3087ms cpu=58% memory=2515MB dbTime=48ms activeThreads=103
2026-07-31T09:03:19.200Z ERROR [payment-service-1] java.sql.SQLTransientConnectionException: HikariPool-1 - Connection is not available, request timed out after 30000ms reqId=REQ-200664
2026-07-31T09:03:19.500Z INFO  [payment-service-2] STRESS request completed reqId=REQ-200665 endpoint=/api/payments status=200 latency=3105ms cpu=60% memory=2525MB dbTime=50ms activeThreads=105
2026-07-31T09:03:19.800Z INFO  [payment-service-3] STRESS request completed reqId=REQ-200666 endpoint=/api/payments/search status=200 latency=3114ms cpu=61% memory=2530MB dbTime=51ms activeThreads=106
2026-07-31T09:03:20.100Z INFO  [payment-service-4] STRESS request completed reqId=REQ-200667 endpoint=/api/accounts status=200 latency=123ms cpu=62% memory=2535MB dbTime=52ms activeThreads=107
2026-07-31T09:03:20.400Z INFO  [payment-service-1] STRESS request completed reqId=REQ-200668 endpoint=/api/login status=200 latency=132ms cpu=63% memory=2540MB dbTime=53ms activeThreads=108
2026-07-31T09:03:20.700Z INFO  [payment-service-2] STRESS request completed reqId=REQ-200669 endpoint=/api/payments status=200 latency=141ms cpu=64% memory=2545MB dbTime=54ms activeThreads=109
2026-07-31T09:03:21.000Z INFO  [payment-service-3] STRESS request completed reqId=REQ-200670 endpoint=/api/payments/search status=200 latency=150ms cpu=65% memory=2550MB dbTime=55ms activeThreads=110
2026-07-31T09:03:21.300Z INFO  [payment-service-4] STRESS request completed reqId=REQ-200671 endpoint=/api/accounts status=200 latency=159ms cpu=66% memory=2555MB dbTime=56ms activeThreads=111
2026-07-31T09:03:21.600Z INFO  [payment-service-1] STRESS request completed reqId=REQ-200672 endpoint=/api/login status=200 latency=168ms cpu=67% memory=2560MB dbTime=57ms activeThreads=112
2026-07-31T09:03:21.900Z INFO  [payment-service-2] STRESS request completed reqId=REQ-200673 endpoint=/api/payments status=200 latency=177ms cpu=68% memory=2565MB dbTime=58ms activeThreads=113
2026-07-31T09:03:22.200Z INFO  [payment-service-3] STRESS request completed reqId=REQ-200674 endpoint=/api/payments/search status=200 latency=186ms cpu=69% memory=2570MB dbTime=59ms activeThreads=114
2026-07-31T09:03:22.500Z INFO  [payment-service-4] STRESS request completed reqId=REQ-200675 endpoint=/api/accounts status=200 latency=195ms cpu=70% memory=2575MB dbTime=60ms activeThreads=115
2026-07-31T09:03:22.800Z INFO  [payment-service-1] STRESS request completed reqId=REQ-200676 endpoint=/api/login status=200 latency=204ms cpu=71% memory=2580MB dbTime=61ms activeThreads=116
2026-07-31T09:03:23.100Z INFO  [payment-service-2] STRESS request completed reqId=REQ-200677 endpoint=/api/payments status=200 latency=213ms cpu=72% memory=2585MB dbTime=62ms activeThreads=117
2026-07-31T09:03:23.400Z INFO  [payment-service-3] STRESS request completed reqId=REQ-200678 endpoint=/api/payments/search status=200 latency=222ms cpu=73% memory=2590MB dbTime=63ms activeThreads=118
2026-07-31T09:03:23.700Z ERROR [payment-service-4] HTTP 503 Service Unavailable reqId=REQ-200679 endpoint=/api/payments cause=Backend unavailable latency=231ms cpu=74%
2026-07-31T09:03:24.000Z INFO  [payment-service-1] STRESS request completed reqId=REQ-200680 endpoint=/api/login status=200 latency=240ms cpu=75% memory=2600MB dbTime=65ms activeThreads=120
2026-07-31T09:03:24.300Z INFO  [payment-service-2] STRESS request completed reqId=REQ-200681 endpoint=/api/payments status=200 latency=249ms cpu=76% memory=2605MB dbTime=66ms activeThreads=121
2026-07-31T09:03:24.600Z WARN  [payment-service-3] Full GC pause duration=1582ms heapUsed=2610MB
2026-07-31T09:03:24.900Z INFO  [payment-service-4] STRESS request completed reqId=REQ-200683 endpoint=/api/accounts status=200 latency=267ms cpu=78% memory=2615MB dbTime=68ms activeThreads=123
2026-07-31T09:03:25.200Z INFO  [payment-service-1] STRESS request completed reqId=REQ-200684 endpoint=/api/login status=200 latency=276ms cpu=79% memory=2620MB dbTime=69ms activeThreads=124
2026-07-31T09:03:25.500Z INFO  [payment-service-2] STRESS request completed reqId=REQ-200685 endpoint=/api/payments status=200 latency=285ms cpu=80% memory=2625MB dbTime=70ms activeThreads=125
2026-07-31T09:03:25.800Z INFO  [payment-service-3] STRESS request completed reqId=REQ-200686 endpoint=/api/payments/search status=200 latency=294ms cpu=81% memory=2630MB dbTime=71ms activeThreads=126
2026-07-31T09:03:26.100Z INFO  [payment-service-4] STRESS request completed reqId=REQ-200687 endpoint=/api/accounts status=200 latency=303ms cpu=82% memory=2635MB dbTime=72ms activeThreads=127
2026-07-31T09:03:26.400Z WARN  [payment-service-1] Response time exceeded SLA endpoint=/api/payments latency=312ms threshold=1000ms cpu=83%
2026-07-31T09:03:26.700Z INFO  [payment-service-2] STRESS request completed reqId=REQ-200689 endpoint=/api/payments status=200 latency=321ms cpu=84% memory=2645MB dbTime=74ms activeThreads=129
2026-07-31T09:03:27.000Z INFO  [payment-service-3] STRESS request completed reqId=REQ-200690 endpoint=/api/payments/search status=200 latency=330ms cpu=85% memory=2650MB dbTime=75ms activeThreads=130
2026-07-31T09:03:27.300Z INFO  [payment-service-4] STRESS request completed reqId=REQ-200691 endpoint=/api/accounts status=200 latency=339ms cpu=86% memory=2655MB dbTime=76ms activeThreads=131
2026-07-31T09:03:27.600Z INFO  [payment-service-1] STRESS request completed reqId=REQ-200692 endpoint=/api/login status=200 latency=348ms cpu=87% memory=2660MB dbTime=77ms activeThreads=132
2026-07-31T09:03:27.900Z INFO  [payment-service-2] STRESS request completed reqId=REQ-200693 endpoint=/api/payments status=200 latency=357ms cpu=88% memory=2665MB dbTime=78ms activeThreads=133
2026-07-31T09:03:28.200Z INFO  [payment-service-3] STRESS request completed reqId=REQ-200694 endpoint=/api/payments/search status=200 latency=366ms cpu=89% memory=2670MB dbTime=79ms activeThreads=134
2026-07-31T09:03:28.500Z INFO  [payment-service-4] STRESS request completed reqId=REQ-200695 endpoint=/api/accounts status=200 latency=375ms cpu=90% memory=2675MB dbTime=80ms activeThreads=135
2026-07-31T09:03:28.800Z INFO  [payment-service-1] STRESS request completed reqId=REQ-200696 endpoint=/api/login status=200 latency=384ms cpu=91% memory=2680MB dbTime=81ms activeThreads=136
2026-07-31T09:03:29.100Z INFO  [payment-service-2] STRESS request completed reqId=REQ-200697 endpoint=/api/payments status=200 latency=393ms cpu=92% memory=2685MB dbTime=82ms activeThreads=137
2026-07-31T09:03:29.400Z INFO  [payment-service-3] STRESS request completed reqId=REQ-200698 endpoint=/api/payments/search status=200 latency=402ms cpu=93% memory=2690MB dbTime=83ms activeThreads=138
2026-07-31T09:03:29.700Z INFO  [payment-service-4] STRESS request completed reqId=REQ-200699 endpoint=/api/accounts status=200 latency=411ms cpu=94% memory=2695MB dbTime=84ms activeThreads=139
2026-07-31T09:03:30.000Z INFO  [payment-service-1] STRESS request completed reqId=REQ-200700 endpoint=/api/login status=200 latency=420ms cpu=95% memory=2700MB dbTime=85ms activeThreads=140
2026-07-31T09:03:30.300Z INFO  [payment-service-2] STRESS request completed reqId=REQ-200701 endpoint=/api/payments status=200 latency=429ms cpu=96% memory=2705MB dbTime=86ms activeThreads=141
2026-07-31T09:03:30.600Z INFO  [payment-service-3] STRESS request completed reqId=REQ-200702 endpoint=/api/payments/search status=200 latency=438ms cpu=97% memory=2710MB dbTime=87ms activeThreads=142
2026-07-31T09:03:30.900Z INFO  [payment-service-4] STRESS request completed reqId=REQ-200703 endpoint=/api/accounts status=200 latency=447ms cpu=98% memory=2715MB dbTime=88ms activeThreads=143
2026-07-31T09:03:31.200Z INFO  [payment-service-1] STRESS request completed reqId=REQ-200704 endpoint=/api/login status=200 latency=456ms cpu=99% memory=2720MB dbTime=89ms activeThreads=144
2026-07-31T09:03:31.500Z INFO  [payment-service-2] STRESS request completed reqId=REQ-200705 endpoint=/api/payments status=200 latency=465ms cpu=100% memory=2725MB dbTime=90ms activeThreads=145
2026-07-31T09:03:31.800Z INFO  [payment-service-3] STRESS request completed reqId=REQ-200706 endpoint=/api/payments/search status=200 latency=474ms cpu=100% memory=2730MB dbTime=91ms activeThreads=146
2026-07-31T09:03:32.100Z INFO  [payment-service-4] STRESS request completed reqId=REQ-200707 endpoint=/api/accounts status=200 latency=483ms cpu=100% memory=2735MB dbTime=92ms activeThreads=147
2026-07-31T09:03:32.400Z ERROR [payment-service-1] Kubernetes Liveness probe failed. Container restarting restartCount=12
2026-07-31T09:03:32.700Z INFO  [payment-service-2] STRESS request completed reqId=REQ-200709 endpoint=/api/payments status=200 latency=501ms cpu=100% memory=2745MB dbTime=94ms activeThreads=149
2026-07-31T09:03:33.000Z ERROR [payment-service-3] OutOfMemoryError: Java heap space heapUsed=2750MB heapMax=4096MB
2026-07-31T09:03:33.300Z INFO  [payment-service-4] STRESS request completed reqId=REQ-200711 endpoint=/api/accounts status=200 latency=519ms cpu=100% memory=2755MB dbTime=96ms activeThreads=151
2026-07-31T09:03:33.600Z INFO  [payment-service-1] STRESS request completed reqId=REQ-200712 endpoint=/api/login status=200 latency=528ms cpu=100% memory=2760MB dbTime=97ms activeThreads=152
2026-07-31T09:03:33.900Z WARN  [payment-service-2] Full GC pause duration=1613ms heapUsed=2765MB
2026-07-31T09:03:34.200Z INFO  [payment-service-3] STRESS request completed reqId=REQ-200714 endpoint=/api/payments/search status=200 latency=546ms cpu=100% memory=2770MB dbTime=99ms activeThreads=154
2026-07-31T09:03:34.500Z INFO  [payment-service-4] STRESS request completed reqId=REQ-200715 endpoint=/api/accounts status=200 latency=555ms cpu=100% memory=2775MB dbTime=100ms activeThreads=155
2026-07-31T09:03:34.800Z INFO  [payment-service-1] STRESS request completed reqId=REQ-200716 endpoint=/api/login status=200 latency=564ms cpu=100% memory=2780MB dbTime=101ms activeThreads=156
2026-07-31T09:03:35.100Z INFO  [payment-service-2] STRESS request completed reqId=REQ-200717 endpoint=/api/payments status=200 latency=573ms cpu=100% memory=2785MB dbTime=102ms activeThreads=157
2026-07-31T09:03:35.400Z INFO  [payment-service-3] STRESS request completed reqId=REQ-200718 endpoint=/api/payments/search status=200 latency=582ms cpu=100% memory=2790MB dbTime=103ms activeThreads=158
2026-07-31T09:03:35.700Z INFO  [payment-service-4] STRESS request completed reqId=REQ-200719 endpoint=/api/accounts status=200 latency=591ms cpu=100% memory=2795MB dbTime=104ms activeThreads=159
2026-07-31T09:03:36.000Z INFO  [payment-service-1] STRESS request completed reqId=REQ-200720 endpoint=/api/login status=200 latency=600ms cpu=55% memory=2800MB dbTime=25ms activeThreads=160
2026-07-31T09:03:36.300Z INFO  [payment-service-2] STRESS request completed reqId=REQ-200721 endpoint=/api/payments status=200 latency=609ms cpu=56% memory=2805MB dbTime=26ms activeThreads=161
2026-07-31T09:03:36.600Z INFO  [payment-service-3] STRESS request completed reqId=REQ-200722 endpoint=/api/payments/search status=200 latency=618ms cpu=57% memory=2810MB dbTime=27ms activeThreads=162
2026-07-31T09:03:36.900Z INFO  [payment-service-4] STRESS request completed reqId=REQ-200723 endpoint=/api/accounts status=200 latency=627ms cpu=58% memory=2815MB dbTime=28ms activeThreads=163
2026-07-31T09:03:37.200Z INFO  [payment-service-1] STRESS request completed reqId=REQ-200724 endpoint=/api/login status=200 latency=636ms cpu=59% memory=2820MB dbTime=29ms activeThreads=164
2026-07-31T09:03:37.500Z INFO  [payment-service-2] STRESS request completed reqId=REQ-200725 endpoint=/api/payments status=200 latency=645ms cpu=60% memory=2825MB dbTime=30ms activeThreads=165
2026-07-31T09:03:37.800Z INFO  [payment-service-3] STRESS request completed reqId=REQ-200726 endpoint=/api/payments/search status=200 latency=654ms cpu=61% memory=2830MB dbTime=31ms activeThreads=166
2026-07-31T09:03:38.100Z INFO  [payment-service-4] STRESS request completed reqId=REQ-200727 endpoint=/api/accounts status=200 latency=663ms cpu=62% memory=2835MB dbTime=32ms activeThreads=167
2026-07-31T09:03:38.400Z INFO  [payment-service-1] STRESS request completed reqId=REQ-200728 endpoint=/api/login status=200 latency=672ms cpu=63% memory=2840MB dbTime=33ms activeThreads=168
2026-07-31T09:03:38.700Z INFO  [payment-service-2] STRESS request completed reqId=REQ-200729 endpoint=/api/payments status=200 latency=681ms cpu=64% memory=2845MB dbTime=34ms activeThreads=169
2026-07-31T09:03:39.000Z INFO  [payment-service-3] STRESS request completed reqId=REQ-200730 endpoint=/api/payments/search status=200 latency=690ms cpu=65% memory=2850MB dbTime=35ms activeThreads=170
2026-07-31T09:03:39.300Z WARN  [payment-service-4] Response time exceeded SLA endpoint=/api/payments latency=699ms threshold=1000ms cpu=66%
2026-07-31T09:03:39.600Z INFO  [payment-service-1] STRESS request completed reqId=REQ-200732 endpoint=/api/login status=200 latency=708ms cpu=67% memory=2860MB dbTime=37ms activeThreads=172
2026-07-31T09:03:39.900Z INFO  [payment-service-2] STRESS request completed reqId=REQ-200733 endpoint=/api/payments status=200 latency=717ms cpu=68% memory=2865MB dbTime=38ms activeThreads=173
2026-07-31T09:03:40.200Z INFO  [payment-service-3] STRESS request completed reqId=REQ-200734 endpoint=/api/payments/search status=200 latency=726ms cpu=69% memory=2870MB dbTime=39ms activeThreads=174
2026-07-31T09:03:40.500Z INFO  [payment-service-4] STRESS request completed reqId=REQ-200735 endpoint=/api/accounts status=200 latency=735ms cpu=70% memory=2875MB dbTime=40ms activeThreads=175
2026-07-31T09:03:40.800Z INFO  [payment-service-1] STRESS request completed reqId=REQ-200736 endpoint=/api/login status=200 latency=744ms cpu=71% memory=2880MB dbTime=41ms activeThreads=176
2026-07-31T09:03:41.100Z INFO  [payment-service-2] STRESS request completed reqId=REQ-200737 endpoint=/api/payments status=200 latency=753ms cpu=72% memory=2885MB dbTime=42ms activeThreads=177
2026-07-31T09:03:41.400Z INFO  [payment-service-3] STRESS request completed reqId=REQ-200738 endpoint=/api/payments/search status=200 latency=762ms cpu=73% memory=2890MB dbTime=43ms activeThreads=178
2026-07-31T09:03:41.700Z INFO  [payment-service-4] STRESS request completed reqId=REQ-200739 endpoint=/api/accounts status=200 latency=771ms cpu=74% memory=2895MB dbTime=44ms activeThreads=179
2026-07-31T09:03:42.000Z INFO  [payment-service-1] STRESS request completed reqId=REQ-200740 endpoint=/api/login status=200 latency=780ms cpu=75% memory=2900MB dbTime=45ms activeThreads=180
2026-07-31T09:03:42.300Z INFO  [payment-service-2] STRESS request completed reqId=REQ-200741 endpoint=/api/payments status=200 latency=789ms cpu=76% memory=2905MB dbTime=46ms activeThreads=181
2026-07-31T09:03:42.600Z INFO  [payment-service-3] STRESS request completed reqId=REQ-200742 endpoint=/api/payments/search status=200 latency=798ms cpu=77% memory=2910MB dbTime=47ms activeThreads=182
2026-07-31T09:03:42.900Z INFO  [payment-service-4] STRESS request completed reqId=REQ-200743 endpoint=/api/accounts status=200 latency=807ms cpu=78% memory=2915MB dbTime=48ms activeThreads=183
2026-07-31T09:03:43.200Z WARN  [payment-service-1] Full GC pause duration=1644ms heapUsed=2920MB
2026-07-31T09:03:43.500Z INFO  [payment-service-2] STRESS request completed reqId=REQ-200745 endpoint=/api/payments status=200 latency=825ms cpu=80% memory=2925MB dbTime=50ms activeThreads=185
2026-07-31T09:03:43.800Z INFO  [payment-service-3] STRESS request completed reqId=REQ-200746 endpoint=/api/payments/search status=200 latency=834ms cpu=81% memory=2930MB dbTime=51ms activeThreads=186
2026-07-31T09:03:44.100Z ERROR [payment-service-4] java.sql.SQLTransientConnectionException: HikariPool-1 - Connection is not available, request timed out after 30000ms reqId=REQ-200747
2026-07-31T09:03:44.400Z INFO  [payment-service-1] STRESS request completed reqId=REQ-200748 endpoint=/api/login status=200 latency=852ms cpu=83% memory=2940MB dbTime=53ms activeThreads=188
2026-07-31T09:03:44.700Z INFO  [payment-service-2] STRESS request completed reqId=REQ-200749 endpoint=/api/payments status=200 latency=861ms cpu=84% memory=2945MB dbTime=54ms activeThreads=189
2026-07-31T09:03:45.000Z INFO  [payment-service-3] SPIKE request completed reqId=REQ-200750 endpoint=/api/payments/search status=200 latency=870ms cpu=65% memory=2950MB dbTime=55ms activeThreads=40
2026-07-31T09:03:45.300Z INFO  [payment-service-4] SPIKE request completed reqId=REQ-200751 endpoint=/api/accounts status=200 latency=879ms cpu=66% memory=2955MB dbTime=56ms activeThreads=41
2026-07-31T09:03:45.600Z INFO  [payment-service-1] SPIKE request completed reqId=REQ-200752 endpoint=/api/login status=200 latency=888ms cpu=67% memory=2960MB dbTime=57ms activeThreads=42
2026-07-31T09:03:45.900Z INFO  [payment-service-2] SPIKE request completed reqId=REQ-200753 endpoint=/api/payments status=200 latency=897ms cpu=68% memory=2965MB dbTime=58ms activeThreads=43
2026-07-31T09:03:46.200Z INFO  [payment-service-3] SPIKE request completed reqId=REQ-200754 endpoint=/api/payments/search status=200 latency=906ms cpu=69% memory=2970MB dbTime=59ms activeThreads=44
2026-07-31T09:03:46.500Z INFO  [payment-service-4] SPIKE request completed reqId=REQ-200755 endpoint=/api/accounts status=200 latency=915ms cpu=70% memory=2975MB dbTime=60ms activeThreads=45
2026-07-31T09:03:46.800Z INFO  [payment-service-1] SPIKE request completed reqId=REQ-200756 endpoint=/api/login status=200 latency=924ms cpu=71% memory=2980MB dbTime=61ms activeThreads=46
2026-07-31T09:03:47.100Z INFO  [payment-service-2] SPIKE request completed reqId=REQ-200757 endpoint=/api/payments status=200 latency=933ms cpu=72% memory=2985MB dbTime=62ms activeThreads=47
2026-07-31T09:03:47.400Z INFO  [payment-service-3] SPIKE request completed reqId=REQ-200758 endpoint=/api/payments/search status=200 latency=942ms cpu=73% memory=2990MB dbTime=63ms activeThreads=48
2026-07-31T09:03:47.700Z INFO  [payment-service-4] SPIKE request completed reqId=REQ-200759 endpoint=/api/accounts status=200 latency=951ms cpu=74% memory=2995MB dbTime=64ms activeThreads=49
2026-07-31T09:03:48.000Z INFO  [payment-service-1] SPIKE request completed reqId=REQ-200760 endpoint=/api/login status=200 latency=960ms cpu=75% memory=3000MB dbTime=65ms activeThreads=50
2026-07-31T09:03:48.300Z INFO  [payment-service-2] SPIKE request completed reqId=REQ-200761 endpoint=/api/payments status=200 latency=969ms cpu=76% memory=3005MB dbTime=66ms activeThreads=51
2026-07-31T09:03:48.600Z INFO  [payment-service-3] SPIKE request completed reqId=REQ-200762 endpoint=/api/payments/search status=200 latency=978ms cpu=77% memory=3010MB dbTime=67ms activeThreads=52
2026-07-31T09:03:48.900Z INFO  [payment-service-4] SPIKE request completed reqId=REQ-200763 endpoint=/api/accounts status=200 latency=987ms cpu=78% memory=3015MB dbTime=68ms activeThreads=53
2026-07-31T09:03:49.200Z INFO  [payment-service-1] SPIKE request completed reqId=REQ-200764 endpoint=/api/login status=200 latency=996ms cpu=79% memory=3020MB dbTime=69ms activeThreads=54
2026-07-31T09:03:49.500Z INFO  [payment-service-2] Horizontal Pod Autoscaler scaled deployment from 2 to 5 replicas pendingRequests=885
2026-07-31T09:03:49.800Z INFO  [payment-service-3] SPIKE request completed reqId=REQ-200766 endpoint=/api/payments/search status=200 latency=1014ms cpu=81% memory=3030MB dbTime=71ms activeThreads=56
2026-07-31T09:03:50.100Z ERROR [payment-service-4] Kubernetes Liveness probe failed. Container restarting restartCount=13
2026-07-31T09:03:50.400Z INFO  [payment-service-1] SPIKE request completed reqId=REQ-200768 endpoint=/api/login status=200 latency=1032ms cpu=83% memory=3040MB dbTime=73ms activeThreads=58
2026-07-31T09:03:50.700Z INFO  [payment-service-2] SPIKE request completed reqId=REQ-200769 endpoint=/api/payments status=200 latency=1041ms cpu=84% memory=3045MB dbTime=74ms activeThreads=59
2026-07-31T09:03:51.000Z INFO  [payment-service-3] SPIKE request completed reqId=REQ-200770 endpoint=/api/payments/search status=200 latency=1050ms cpu=85% memory=3050MB dbTime=75ms activeThreads=60
2026-07-31T09:03:51.300Z INFO  [payment-service-4] SPIKE request completed reqId=REQ-200771 endpoint=/api/accounts status=200 latency=1059ms cpu=86% memory=3055MB dbTime=76ms activeThreads=61
2026-07-31T09:03:51.600Z INFO  [payment-service-1] SPIKE request completed reqId=REQ-200772 endpoint=/api/login status=200 latency=1068ms cpu=87% memory=3060MB dbTime=77ms activeThreads=62
2026-07-31T09:03:51.900Z INFO  [payment-service-2] SPIKE request completed reqId=REQ-200773 endpoint=/api/payments status=200 latency=1077ms cpu=88% memory=3065MB dbTime=78ms activeThreads=63
2026-07-31T09:03:52.200Z WARN  [payment-service-3] Response time exceeded SLA endpoint=/api/payments latency=1086ms threshold=1000ms cpu=89%
2026-07-31T09:03:52.500Z WARN  [payment-service-4] Full GC pause duration=1675ms heapUsed=3075MB
2026-07-31T09:03:52.800Z ERROR [payment-service-1] HTTP 503 Service Unavailable reqId=REQ-200776 endpoint=/api/payments cause=Backend unavailable latency=1104ms cpu=91%
2026-07-31T09:03:53.100Z INFO  [payment-service-2] SPIKE request completed reqId=REQ-200777 endpoint=/api/payments status=200 latency=1113ms cpu=92% memory=3085MB dbTime=82ms activeThreads=67
2026-07-31T09:03:53.400Z INFO  [payment-service-3] SPIKE request completed reqId=REQ-200778 endpoint=/api/payments/search status=200 latency=1122ms cpu=93% memory=3090MB dbTime=83ms activeThreads=68
2026-07-31T09:03:53.700Z INFO  [payment-service-4] SPIKE request completed reqId=REQ-200779 endpoint=/api/accounts status=200 latency=1131ms cpu=94% memory=3095MB dbTime=84ms activeThreads=69
2026-07-31T09:03:54.000Z INFO  [payment-service-1] SPIKE request completed reqId=REQ-200780 endpoint=/api/login status=200 latency=1140ms cpu=35% memory=3100MB dbTime=85ms activeThreads=70
2026-07-31T09:03:54.300Z ERROR [payment-service-2] OutOfMemoryError: Java heap space heapUsed=3105MB heapMax=4096MB
2026-07-31T09:03:54.600Z INFO  [payment-service-3] Horizontal Pod Autoscaler scaled deployment from 2 to 5 replicas pendingRequests=902
2026-07-31T09:03:54.900Z INFO  [payment-service-4] SPIKE request completed reqId=REQ-200783 endpoint=/api/accounts status=200 latency=1167ms cpu=38% memory=3115MB dbTime=88ms activeThreads=73
2026-07-31T09:03:55.200Z INFO  [payment-service-1] SPIKE request completed reqId=REQ-200784 endpoint=/api/login status=200 latency=1176ms cpu=39% memory=3120MB dbTime=89ms activeThreads=74
2026-07-31T09:03:55.500Z INFO  [payment-service-2] SPIKE request completed reqId=REQ-200785 endpoint=/api/payments status=200 latency=1185ms cpu=40% memory=3125MB dbTime=90ms activeThreads=75
2026-07-31T09:03:55.800Z INFO  [payment-service-3] SPIKE request completed reqId=REQ-200786 endpoint=/api/payments/search status=200 latency=1194ms cpu=41% memory=3130MB dbTime=91ms activeThreads=76
2026-07-31T09:03:56.100Z INFO  [payment-service-4] SPIKE request completed reqId=REQ-200787 endpoint=/api/accounts status=200 latency=1203ms cpu=42% memory=3135MB dbTime=92ms activeThreads=77
2026-07-31T09:03:56.400Z INFO  [payment-service-1] SPIKE request completed reqId=REQ-200788 endpoint=/api/login status=200 latency=1212ms cpu=43% memory=3140MB dbTime=93ms activeThreads=78
2026-07-31T09:03:56.700Z INFO  [payment-service-2] SPIKE request completed reqId=REQ-200789 endpoint=/api/payments status=200 latency=1221ms cpu=44% memory=3145MB dbTime=94ms activeThreads=79
2026-07-31T09:03:57.000Z INFO  [payment-service-3] SPIKE request completed reqId=REQ-200790 endpoint=/api/payments/search status=200 latency=1230ms cpu=45% memory=3150MB dbTime=95ms activeThreads=80
2026-07-31T09:03:57.300Z INFO  [payment-service-4] SPIKE request completed reqId=REQ-200791 endpoint=/api/accounts status=200 latency=1239ms cpu=46% memory=3155MB dbTime=96ms activeThreads=81
2026-07-31T09:03:57.600Z INFO  [payment-service-1] SPIKE request completed reqId=REQ-200792 endpoint=/api/login status=200 latency=1248ms cpu=47% memory=3160MB dbTime=97ms activeThreads=82
2026-07-31T09:03:57.900Z INFO  [payment-service-2] SPIKE request completed reqId=REQ-200793 endpoint=/api/payments status=200 latency=1257ms cpu=48% memory=3165MB dbTime=98ms activeThreads=83
2026-07-31T09:03:58.200Z INFO  [payment-service-3] SPIKE request completed reqId=REQ-200794 endpoint=/api/payments/search status=200 latency=1266ms cpu=49% memory=3170MB dbTime=99ms activeThreads=84
2026-07-31T09:03:58.500Z INFO  [payment-service-4] SPIKE request completed reqId=REQ-200795 endpoint=/api/accounts status=200 latency=1275ms cpu=50% memory=3175MB dbTime=100ms activeThreads=85
2026-07-31T09:03:58.800Z INFO  [payment-service-1] SPIKE request completed reqId=REQ-200796 endpoint=/api/login status=200 latency=1284ms cpu=51% memory=3180MB dbTime=101ms activeThreads=86
2026-07-31T09:03:59.100Z INFO  [payment-service-2] SPIKE request completed reqId=REQ-200797 endpoint=/api/payments status=200 latency=1293ms cpu=52% memory=3185MB dbTime=102ms activeThreads=87
2026-07-31T09:03:59.400Z INFO  [payment-service-3] SPIKE request completed reqId=REQ-200798 endpoint=/api/payments/search status=200 latency=1302ms cpu=53% memory=3190MB dbTime=103ms activeThreads=88
2026-07-31T09:03:59.700Z INFO  [payment-service-4] Horizontal Pod Autoscaler scaled deployment from 2 to 5 replicas pendingRequests=919
2026-07-31T09:04:00.000Z INFO  [payment-service-1] SPIKE request completed reqId=REQ-200800 endpoint=/api/login status=200 latency=1320ms cpu=55% memory=3200MB dbTime=25ms activeThreads=90
2026-07-31T09:04:00.300Z INFO  [payment-service-2] SPIKE request completed reqId=REQ-200801 endpoint=/api/payments status=200 latency=1329ms cpu=56% memory=3205MB dbTime=26ms activeThreads=91
2026-07-31T09:04:00.600Z INFO  [payment-service-3] SPIKE request completed reqId=REQ-200802 endpoint=/api/payments/search status=200 latency=1338ms cpu=57% memory=3210MB dbTime=27ms activeThreads=92
2026-07-31T09:04:00.900Z INFO  [payment-service-4] SPIKE request completed reqId=REQ-200803 endpoint=/api/accounts status=200 latency=1347ms cpu=58% memory=3215MB dbTime=28ms activeThreads=93
2026-07-31T09:04:01.200Z INFO  [payment-service-1] SPIKE request completed reqId=REQ-200804 endpoint=/api/login status=200 latency=1356ms cpu=59% memory=3220MB dbTime=29ms activeThreads=94
2026-07-31T09:04:01.500Z INFO  [payment-service-2] SPIKE request completed reqId=REQ-200805 endpoint=/api/payments status=200 latency=1365ms cpu=60% memory=3225MB dbTime=30ms activeThreads=95
2026-07-31T09:04:01.800Z WARN  [payment-service-3] Full GC pause duration=1706ms heapUsed=3230MB
2026-07-31T09:04:02.100Z INFO  [payment-service-4] SPIKE request completed reqId=REQ-200807 endpoint=/api/accounts status=200 latency=1383ms cpu=62% memory=3235MB dbTime=32ms activeThreads=97
2026-07-31T09:04:02.400Z INFO  [payment-service-1] SPIKE request completed reqId=REQ-200808 endpoint=/api/login status=200 latency=1392ms cpu=63% memory=3240MB dbTime=33ms activeThreads=98
2026-07-31T09:04:02.700Z INFO  [payment-service-2] SPIKE request completed reqId=REQ-200809 endpoint=/api/payments status=200 latency=1401ms cpu=64% memory=3245MB dbTime=34ms activeThreads=99
2026-07-31T09:04:03.000Z INFO  [payment-service-3] SPIKE request completed reqId=REQ-200810 endpoint=/api/payments/search status=200 latency=1410ms cpu=65% memory=3250MB dbTime=35ms activeThreads=100
2026-07-31T09:04:03.300Z INFO  [payment-service-4] SPIKE request completed reqId=REQ-200811 endpoint=/api/accounts status=200 latency=1419ms cpu=66% memory=3255MB dbTime=36ms activeThreads=101
2026-07-31T09:04:03.600Z INFO  [payment-service-1] SPIKE request completed reqId=REQ-200812 endpoint=/api/login status=200 latency=1428ms cpu=67% memory=3260MB dbTime=37ms activeThreads=102
2026-07-31T09:04:03.900Z INFO  [payment-service-2] SPIKE request completed reqId=REQ-200813 endpoint=/api/payments status=200 latency=1437ms cpu=68% memory=3265MB dbTime=38ms activeThreads=103
2026-07-31T09:04:04.200Z INFO  [payment-service-3] SPIKE request completed reqId=REQ-200814 endpoint=/api/payments/search status=200 latency=1446ms cpu=69% memory=3270MB dbTime=39ms activeThreads=104
2026-07-31T09:04:04.500Z INFO  [payment-service-4] SPIKE request completed reqId=REQ-200815 endpoint=/api/accounts status=200 latency=1455ms cpu=70% memory=3275MB dbTime=40ms activeThreads=105
2026-07-31T09:04:04.800Z INFO  [payment-service-1] Horizontal Pod Autoscaler scaled deployment from 2 to 5 replicas pendingRequests=936
2026-07-31T09:04:05.100Z WARN  [payment-service-2] Response time exceeded SLA endpoint=/api/payments latency=1473ms threshold=1000ms cpu=72%
2026-07-31T09:04:05.400Z INFO  [payment-service-3] SPIKE request completed reqId=REQ-200818 endpoint=/api/payments/search status=200 latency=1482ms cpu=73% memory=3290MB dbTime=43ms activeThreads=108
2026-07-31T09:04:05.700Z INFO  [payment-service-4] SPIKE request completed reqId=REQ-200819 endpoint=/api/accounts status=200 latency=1491ms cpu=74% memory=3295MB dbTime=44ms activeThreads=109
2026-07-31T09:04:06.000Z INFO  [payment-service-1] SPIKE request completed reqId=REQ-200820 endpoint=/api/login status=200 latency=1500ms cpu=75% memory=3300MB dbTime=45ms activeThreads=110
2026-07-31T09:04:06.300Z INFO  [payment-service-2] SPIKE request completed reqId=REQ-200821 endpoint=/api/payments status=200 latency=1509ms cpu=76% memory=3305MB dbTime=46ms activeThreads=111
2026-07-31T09:04:06.600Z INFO  [payment-service-3] SPIKE request completed reqId=REQ-200822 endpoint=/api/payments/search status=200 latency=1518ms cpu=77% memory=3310MB dbTime=47ms activeThreads=112
2026-07-31T09:04:06.900Z INFO  [payment-service-4] SPIKE request completed reqId=REQ-200823 endpoint=/api/accounts status=200 latency=1527ms cpu=78% memory=3315MB dbTime=48ms activeThreads=113
2026-07-31T09:04:07.200Z INFO  [payment-service-1] SPIKE request completed reqId=REQ-200824 endpoint=/api/login status=200 latency=1536ms cpu=79% memory=3320MB dbTime=49ms activeThreads=114
2026-07-31T09:04:07.500Z INFO  [payment-service-2] SPIKE request completed reqId=REQ-200825 endpoint=/api/payments status=200 latency=1545ms cpu=80% memory=3325MB dbTime=50ms activeThreads=115
2026-07-31T09:04:07.800Z ERROR [payment-service-3] Kubernetes Liveness probe failed. Container restarting restartCount=14
2026-07-31T09:04:08.100Z INFO  [payment-service-4] SPIKE request completed reqId=REQ-200827 endpoint=/api/accounts status=200 latency=1563ms cpu=82% memory=3335MB dbTime=52ms activeThreads=117
2026-07-31T09:04:08.400Z INFO  [payment-service-1] SPIKE request completed reqId=REQ-200828 endpoint=/api/login status=200 latency=1572ms cpu=83% memory=3340MB dbTime=53ms activeThreads=118
2026-07-31T09:04:08.700Z INFO  [payment-service-2] SPIKE request completed reqId=REQ-200829 endpoint=/api/payments status=200 latency=1581ms cpu=84% memory=3345MB dbTime=54ms activeThreads=119
2026-07-31T09:04:09.000Z ERROR [payment-service-3] java.sql.SQLTransientConnectionException: HikariPool-1 - Connection is not available, request timed out after 30000ms reqId=REQ-200830
2026-07-31T09:04:09.300Z INFO  [payment-service-4] SPIKE request completed reqId=REQ-200831 endpoint=/api/accounts status=200 latency=1599ms cpu=86% memory=3355MB dbTime=56ms activeThreads=121
2026-07-31T09:04:09.600Z INFO  [payment-service-1] SPIKE request completed reqId=REQ-200832 endpoint=/api/login status=200 latency=1608ms cpu=87% memory=3360MB dbTime=57ms activeThreads=122
2026-07-31T09:04:09.900Z INFO  [payment-service-2] Horizontal Pod Autoscaler scaled deployment from 2 to 5 replicas pendingRequests=953
2026-07-31T09:04:10.200Z INFO  [payment-service-3] SPIKE request completed reqId=REQ-200834 endpoint=/api/payments/search status=200 latency=1626ms cpu=89% memory=3370MB dbTime=59ms activeThreads=124
2026-07-31T09:04:10.500Z INFO  [payment-service-4] SPIKE request completed reqId=REQ-200835 endpoint=/api/accounts status=200 latency=1635ms cpu=90% memory=3375MB dbTime=60ms activeThreads=125
2026-07-31T09:04:10.800Z INFO  [payment-service-1] SPIKE request completed reqId=REQ-200836 endpoint=/api/login status=200 latency=1644ms cpu=91% memory=3380MB dbTime=61ms activeThreads=126
2026-07-31T09:04:11.100Z WARN  [payment-service-2] Full GC pause duration=1737ms heapUsed=3385MB
2026-07-31T09:04:11.400Z INFO  [payment-service-3] SPIKE request completed reqId=REQ-200838 endpoint=/api/payments/search status=200 latency=1662ms cpu=93% memory=3390MB dbTime=63ms activeThreads=128
2026-07-31T09:04:11.700Z INFO  [payment-service-4] SPIKE request completed reqId=REQ-200839 endpoint=/api/accounts status=200 latency=1671ms cpu=94% memory=3395MB dbTime=64ms activeThreads=129
2026-07-31T09:04:12.000Z INFO  [payment-service-1] SPIKE request completed reqId=REQ-200840 endpoint=/api/login status=200 latency=1680ms cpu=35% memory=3400MB dbTime=65ms activeThreads=130
2026-07-31T09:04:12.300Z INFO  [payment-service-2] SPIKE request completed reqId=REQ-200841 endpoint=/api/payments status=200 latency=1689ms cpu=36% memory=3405MB dbTime=66ms activeThreads=131
2026-07-31T09:04:12.600Z INFO  [payment-service-3] SPIKE request completed reqId=REQ-200842 endpoint=/api/payments/search status=200 latency=1698ms cpu=37% memory=3410MB dbTime=67ms activeThreads=132
2026-07-31T09:04:12.900Z INFO  [payment-service-4] SPIKE request completed reqId=REQ-200843 endpoint=/api/accounts status=200 latency=1707ms cpu=38% memory=3415MB dbTime=68ms activeThreads=133
2026-07-31T09:04:13.200Z INFO  [payment-service-1] SPIKE request completed reqId=REQ-200844 endpoint=/api/login status=200 latency=1716ms cpu=39% memory=3420MB dbTime=69ms activeThreads=134
2026-07-31T09:04:13.500Z INFO  [payment-service-2] SPIKE request completed reqId=REQ-200845 endpoint=/api/payments status=200 latency=1725ms cpu=40% memory=3425MB dbTime=70ms activeThreads=135
2026-07-31T09:04:13.800Z INFO  [payment-service-3] SPIKE request completed reqId=REQ-200846 endpoint=/api/payments/search status=200 latency=1734ms cpu=41% memory=3430MB dbTime=71ms activeThreads=136
2026-07-31T09:04:14.100Z INFO  [payment-service-4] SPIKE request completed reqId=REQ-200847 endpoint=/api/accounts status=200 latency=1743ms cpu=42% memory=3435MB dbTime=72ms activeThreads=137
2026-07-31T09:04:14.400Z INFO  [payment-service-1] SPIKE request completed reqId=REQ-200848 endpoint=/api/login status=200 latency=1752ms cpu=43% memory=3440MB dbTime=73ms activeThreads=138
2026-07-31T09:04:14.700Z INFO  [payment-service-2] SPIKE request completed reqId=REQ-200849 endpoint=/api/payments status=200 latency=1761ms cpu=44% memory=3445MB dbTime=74ms activeThreads=139
2026-07-31T09:04:15.000Z INFO  [payment-service-3] Horizontal Pod Autoscaler scaled deployment from 2 to 5 replicas pendingRequests=970
2026-07-31T09:04:15.300Z INFO  [payment-service-4] SPIKE request completed reqId=REQ-200851 endpoint=/api/accounts status=200 latency=1779ms cpu=46% memory=3455MB dbTime=76ms activeThreads=141
2026-07-31T09:04:15.600Z ERROR [payment-service-1] OutOfMemoryError: Java heap space heapUsed=3460MB heapMax=4096MB
2026-07-31T09:04:15.900Z INFO  [payment-service-2] SPIKE request completed reqId=REQ-200853 endpoint=/api/payments status=200 latency=1797ms cpu=48% memory=3465MB dbTime=78ms activeThreads=143
2026-07-31T09:04:16.200Z INFO  [payment-service-3] SPIKE request completed reqId=REQ-200854 endpoint=/api/payments/search status=200 latency=1806ms cpu=49% memory=3470MB dbTime=79ms activeThreads=144
2026-07-31T09:04:16.500Z INFO  [payment-service-4] SPIKE request completed reqId=REQ-200855 endpoint=/api/accounts status=200 latency=1815ms cpu=50% memory=3475MB dbTime=80ms activeThreads=145
2026-07-31T09:04:16.800Z INFO  [payment-service-1] SPIKE request completed reqId=REQ-200856 endpoint=/api/login status=200 latency=1824ms cpu=51% memory=3480MB dbTime=81ms activeThreads=146
2026-07-31T09:04:17.100Z INFO  [payment-service-2] SPIKE request completed reqId=REQ-200857 endpoint=/api/payments status=200 latency=1833ms cpu=52% memory=3485MB dbTime=82ms activeThreads=147
2026-07-31T09:04:17.400Z INFO  [payment-service-3] SPIKE request completed reqId=REQ-200858 endpoint=/api/payments/search status=200 latency=1842ms cpu=53% memory=3490MB dbTime=83ms activeThreads=148
2026-07-31T09:04:17.700Z INFO  [payment-service-4] SPIKE request completed reqId=REQ-200859 endpoint=/api/accounts status=200 latency=1851ms cpu=54% memory=3495MB dbTime=84ms activeThreads=149
2026-07-31T09:04:18.000Z WARN  [payment-service-1] Response time exceeded SLA endpoint=/api/payments latency=1860ms threshold=1000ms cpu=55%
2026-07-31T09:04:18.300Z INFO  [payment-service-2] SPIKE request completed reqId=REQ-200861 endpoint=/api/payments status=200 latency=1869ms cpu=56% memory=3505MB dbTime=86ms activeThreads=151
2026-07-31T09:04:18.600Z INFO  [payment-service-3] SPIKE request completed reqId=REQ-200862 endpoint=/api/payments/search status=200 latency=1878ms cpu=57% memory=3510MB dbTime=87ms activeThreads=152
2026-07-31T09:04:18.900Z INFO  [payment-service-4] SPIKE request completed reqId=REQ-200863 endpoint=/api/accounts status=200 latency=1887ms cpu=58% memory=3515MB dbTime=88ms activeThreads=153
2026-07-31T09:04:19.200Z INFO  [payment-service-1] SPIKE request completed reqId=REQ-200864 endpoint=/api/login status=200 latency=1896ms cpu=59% memory=3520MB dbTime=89ms activeThreads=154
2026-07-31T09:04:19.500Z INFO  [payment-service-2] SPIKE request completed reqId=REQ-200865 endpoint=/api/payments status=200 latency=1905ms cpu=60% memory=3525MB dbTime=90ms activeThreads=155
2026-07-31T09:04:19.800Z INFO  [payment-service-3] SPIKE request completed reqId=REQ-200866 endpoint=/api/payments/search status=200 latency=1914ms cpu=61% memory=3530MB dbTime=91ms activeThreads=156
2026-07-31T09:04:20.100Z INFO  [payment-service-4] Horizontal Pod Autoscaler scaled deployment from 2 to 5 replicas pendingRequests=987
2026-07-31T09:04:20.400Z WARN  [payment-service-1] Full GC pause duration=1768ms heapUsed=3540MB
2026-07-31T09:04:20.700Z INFO  [payment-service-2] SPIKE request completed reqId=REQ-200869 endpoint=/api/payments status=200 latency=1941ms cpu=64% memory=3545MB dbTime=94ms activeThreads=159
2026-07-31T09:04:21.000Z INFO  [payment-service-3] SPIKE request completed reqId=REQ-200870 endpoint=/api/payments/search status=200 latency=1950ms cpu=65% memory=3550MB dbTime=95ms activeThreads=160
2026-07-31T09:04:21.300Z INFO  [payment-service-4] SPIKE request completed reqId=REQ-200871 endpoint=/api/accounts status=200 latency=1959ms cpu=66% memory=3555MB dbTime=96ms activeThreads=161
2026-07-31T09:04:21.600Z INFO  [payment-service-1] SPIKE request completed reqId=REQ-200872 endpoint=/api/login status=200 latency=1968ms cpu=67% memory=3560MB dbTime=97ms activeThreads=162
2026-07-31T09:04:21.900Z ERROR [payment-service-2] HTTP 503 Service Unavailable reqId=REQ-200873 endpoint=/api/payments cause=Backend unavailable latency=1977ms cpu=68%
2026-07-31T09:04:22.200Z INFO  [payment-service-3] SPIKE request completed reqId=REQ-200874 endpoint=/api/payments/search status=200 latency=1986ms cpu=69% memory=3570MB dbTime=99ms activeThreads=164
2026-07-31T09:04:22.500Z INFO  [payment-service-4] SPIKE request completed reqId=REQ-200875 endpoint=/api/accounts status=200 latency=1995ms cpu=70% memory=3575MB dbTime=100ms activeThreads=165
2026-07-31T09:04:22.800Z INFO  [payment-service-1] SPIKE request completed reqId=REQ-200876 endpoint=/api/login status=200 latency=2004ms cpu=71% memory=3580MB dbTime=101ms activeThreads=166
2026-07-31T09:04:23.100Z INFO  [payment-service-2] SPIKE request completed reqId=REQ-200877 endpoint=/api/payments status=200 latency=2013ms cpu=72% memory=3585MB dbTime=102ms activeThreads=167
2026-07-31T09:04:23.400Z INFO  [payment-service-3] SPIKE request completed reqId=REQ-200878 endpoint=/api/payments/search status=200 latency=2022ms cpu=73% memory=3590MB dbTime=103ms activeThreads=168
2026-07-31T09:04:23.700Z INFO  [payment-service-4] SPIKE request completed reqId=REQ-200879 endpoint=/api/accounts status=200 latency=2031ms cpu=74% memory=3595MB dbTime=104ms activeThreads=169
2026-07-31T09:04:24.000Z INFO  [payment-service-1] SPIKE request completed reqId=REQ-200880 endpoint=/api/login status=200 latency=2040ms cpu=75% memory=1400MB dbTime=25ms activeThreads=170
2026-07-31T09:04:24.300Z INFO  [payment-service-2] SPIKE request completed reqId=REQ-200881 endpoint=/api/payments status=200 latency=2049ms cpu=76% memory=1405MB dbTime=26ms activeThreads=171
2026-07-31T09:04:24.600Z INFO  [payment-service-3] SPIKE request completed reqId=REQ-200882 endpoint=/api/payments/search status=200 latency=2058ms cpu=77% memory=1410MB dbTime=27ms activeThreads=172
2026-07-31T09:04:24.900Z INFO  [payment-service-4] SPIKE request completed reqId=REQ-200883 endpoint=/api/accounts status=200 latency=2067ms cpu=78% memory=1415MB dbTime=28ms activeThreads=173
2026-07-31T09:04:25.200Z INFO  [payment-service-1] Horizontal Pod Autoscaler scaled deployment from 2 to 5 replicas pendingRequests=1004
2026-07-31T09:04:25.500Z ERROR [payment-service-2] Kubernetes Liveness probe failed. Container restarting restartCount=15
2026-07-31T09:04:25.800Z INFO  [payment-service-3] SPIKE request completed reqId=REQ-200886 endpoint=/api/payments/search status=200 latency=2094ms cpu=81% memory=1430MB dbTime=31ms activeThreads=176
2026-07-31T09:04:26.100Z INFO  [payment-service-4] SPIKE request completed reqId=REQ-200887 endpoint=/api/accounts status=200 latency=2103ms cpu=82% memory=1435MB dbTime=32ms activeThreads=177
2026-07-31T09:04:26.400Z INFO  [payment-service-1] SPIKE request completed reqId=REQ-200888 endpoint=/api/login status=200 latency=2112ms cpu=83% memory=1440MB dbTime=33ms activeThreads=178
2026-07-31T09:04:26.700Z INFO  [payment-service-2] SPIKE request completed reqId=REQ-200889 endpoint=/api/payments status=200 latency=2121ms cpu=84% memory=1445MB dbTime=34ms activeThreads=179
2026-07-31T09:04:27.000Z INFO  [payment-service-3] SPIKE request completed reqId=REQ-200890 endpoint=/api/payments/search status=200 latency=2130ms cpu=85% memory=1450MB dbTime=35ms activeThreads=180
2026-07-31T09:04:27.300Z INFO  [payment-service-4] SPIKE request completed reqId=REQ-200891 endpoint=/api/accounts status=200 latency=2139ms cpu=86% memory=1455MB dbTime=36ms activeThreads=181
2026-07-31T09:04:27.600Z INFO  [payment-service-1] SPIKE request completed reqId=REQ-200892 endpoint=/api/login status=200 latency=2148ms cpu=87% memory=1460MB dbTime=37ms activeThreads=182
2026-07-31T09:04:27.900Z INFO  [payment-service-2] SPIKE request completed reqId=REQ-200893 endpoint=/api/payments status=200 latency=2157ms cpu=88% memory=1465MB dbTime=38ms activeThreads=183
2026-07-31T09:04:28.200Z INFO  [payment-service-3] SPIKE request completed reqId=REQ-200894 endpoint=/api/payments/search status=200 latency=2166ms cpu=89% memory=1470MB dbTime=39ms activeThreads=184
2026-07-31T09:04:28.500Z INFO  [payment-service-4] SPIKE request completed reqId=REQ-200895 endpoint=/api/accounts status=200 latency=2175ms cpu=90% memory=1475MB dbTime=40ms activeThreads=185
2026-07-31T09:04:28.800Z INFO  [payment-service-1] SPIKE request completed reqId=REQ-200896 endpoint=/api/login status=200 latency=2184ms cpu=91% memory=1480MB dbTime=41ms activeThreads=186
2026-07-31T09:04:29.100Z INFO  [payment-service-2] SPIKE request completed reqId=REQ-200897 endpoint=/api/payments status=200 latency=2193ms cpu=92% memory=1485MB dbTime=42ms activeThreads=187
2026-07-31T09:04:29.400Z INFO  [payment-service-3] SPIKE request completed reqId=REQ-200898 endpoint=/api/payments/search status=200 latency=2202ms cpu=93% memory=1490MB dbTime=43ms activeThreads=188
2026-07-31T09:04:29.700Z WARN  [payment-service-4] Full GC pause duration=1799ms heapUsed=1495MB
2026-07-31T09:04:30.000Z INFO  [payment-service-1] SPIKE request completed reqId=REQ-200900 endpoint=/api/login status=200 latency=2220ms cpu=35% memory=1500MB dbTime=45ms activeThreads=40
2026-07-31T09:04:30.300Z INFO  [payment-service-2] Horizontal Pod Autoscaler scaled deployment from 2 to 5 replicas pendingRequests=1021
2026-07-31T09:04:30.600Z INFO  [payment-service-3] SPIKE request completed reqId=REQ-200902 endpoint=/api/payments/search status=200 latency=2238ms cpu=37% memory=1510MB dbTime=47ms activeThreads=42
2026-07-31T09:04:30.900Z WARN  [payment-service-4] Response time exceeded SLA endpoint=/api/payments latency=2247ms threshold=1000ms cpu=38%
2026-07-31T09:04:31.200Z INFO  [payment-service-1] SPIKE request completed reqId=REQ-200904 endpoint=/api/login status=200 latency=2256ms cpu=39% memory=1520MB dbTime=49ms activeThreads=44
2026-07-31T09:04:31.500Z INFO  [payment-service-2] SPIKE request completed reqId=REQ-200905 endpoint=/api/payments status=200 latency=2265ms cpu=40% memory=1525MB dbTime=50ms activeThreads=45
2026-07-31T09:04:31.800Z INFO  [payment-service-3] SPIKE request completed reqId=REQ-200906 endpoint=/api/payments/search status=200 latency=2274ms cpu=41% memory=1530MB dbTime=51ms activeThreads=46
2026-07-31T09:04:32.100Z INFO  [payment-service-4] SPIKE request completed reqId=REQ-200907 endpoint=/api/accounts status=200 latency=2283ms cpu=42% memory=1535MB dbTime=52ms activeThreads=47
2026-07-31T09:04:32.400Z INFO  [payment-service-1] SPIKE request completed reqId=REQ-200908 endpoint=/api/login status=200 latency=2292ms cpu=43% memory=1540MB dbTime=53ms activeThreads=48
2026-07-31T09:04:32.700Z INFO  [payment-service-2] SPIKE request completed reqId=REQ-200909 endpoint=/api/payments status=200 latency=2301ms cpu=44% memory=1545MB dbTime=54ms activeThreads=49
2026-07-31T09:04:33.000Z INFO  [payment-service-3] SPIKE request completed reqId=REQ-200910 endpoint=/api/payments/search status=200 latency=2310ms cpu=45% memory=1550MB dbTime=55ms activeThreads=50
2026-07-31T09:04:33.300Z INFO  [payment-service-4] SPIKE request completed reqId=REQ-200911 endpoint=/api/accounts status=200 latency=2319ms cpu=46% memory=1555MB dbTime=56ms activeThreads=51
2026-07-31T09:04:33.600Z INFO  [payment-service-1] SPIKE request completed reqId=REQ-200912 endpoint=/api/login status=200 latency=2328ms cpu=47% memory=1560MB dbTime=57ms activeThreads=52
2026-07-31T09:04:33.900Z ERROR [payment-service-2] java.sql.SQLTransientConnectionException: HikariPool-1 - Connection is not available, request timed out after 30000ms reqId=REQ-200913
2026-07-31T09:04:34.200Z INFO  [payment-service-3] SPIKE request completed reqId=REQ-200914 endpoint=/api/payments/search status=200 latency=2346ms cpu=49% memory=1570MB dbTime=59ms activeThreads=54
2026-07-31T09:04:34.500Z INFO  [payment-service-4] SPIKE request completed reqId=REQ-200915 endpoint=/api/accounts status=200 latency=2355ms cpu=50% memory=1575MB dbTime=60ms activeThreads=55
2026-07-31T09:04:34.800Z INFO  [payment-service-1] SPIKE request completed reqId=REQ-200916 endpoint=/api/login status=200 latency=2364ms cpu=51% memory=1580MB dbTime=61ms activeThreads=56
2026-07-31T09:04:35.100Z INFO  [payment-service-2] SPIKE request completed reqId=REQ-200917 endpoint=/api/payments status=200 latency=2373ms cpu=52% memory=1585MB dbTime=62ms activeThreads=57
2026-07-31T09:04:35.400Z INFO  [payment-service-3] Horizontal Pod Autoscaler scaled deployment from 2 to 5 replicas pendingRequests=1038
2026-07-31T09:04:35.700Z INFO  [payment-service-4] SPIKE request completed reqId=REQ-200919 endpoint=/api/accounts status=200 latency=2391ms cpu=54% memory=1595MB dbTime=64ms activeThreads=59
2026-07-31T09:04:36.000Z INFO  [payment-service-1] SPIKE request completed reqId=REQ-200920 endpoint=/api/login status=200 latency=2400ms cpu=55% memory=1600MB dbTime=65ms activeThreads=60
2026-07-31T09:04:36.300Z INFO  [payment-service-2] SPIKE request completed reqId=REQ-200921 endpoint=/api/payments status=200 latency=2409ms cpu=56% memory=1605MB dbTime=66ms activeThreads=61
2026-07-31T09:04:36.600Z INFO  [payment-service-3] SPIKE request completed reqId=REQ-200922 endpoint=/api/payments/search status=200 latency=2418ms cpu=57% memory=1610MB dbTime=67ms activeThreads=62
2026-07-31T09:04:36.900Z ERROR [payment-service-4] OutOfMemoryError: Java heap space heapUsed=1615MB heapMax=4096MB
2026-07-31T09:04:37.200Z INFO  [payment-service-1] SPIKE request completed reqId=REQ-200924 endpoint=/api/login status=200 latency=2436ms cpu=59% memory=1620MB dbTime=69ms activeThreads=64
2026-07-31T09:04:37.500Z INFO  [payment-service-2] SPIKE request completed reqId=REQ-200925 endpoint=/api/payments status=200 latency=2445ms cpu=60% memory=1625MB dbTime=70ms activeThreads=65
2026-07-31T09:04:37.800Z INFO  [payment-service-3] SPIKE request completed reqId=REQ-200926 endpoint=/api/payments/search status=200 latency=2454ms cpu=61% memory=1630MB dbTime=71ms activeThreads=66
2026-07-31T09:04:38.100Z INFO  [payment-service-4] SPIKE request completed reqId=REQ-200927 endpoint=/api/accounts status=200 latency=2463ms cpu=62% memory=1635MB dbTime=72ms activeThreads=67
2026-07-31T09:04:38.400Z INFO  [payment-service-1] SPIKE request completed reqId=REQ-200928 endpoint=/api/login status=200 latency=2472ms cpu=63% memory=1640MB dbTime=73ms activeThreads=68
2026-07-31T09:04:38.700Z INFO  [payment-service-2] SPIKE request completed reqId=REQ-200929 endpoint=/api/payments status=200 latency=2481ms cpu=64% memory=1645MB dbTime=74ms activeThreads=69
2026-07-31T09:04:39.000Z WARN  [payment-service-3] Full GC pause duration=1830ms heapUsed=1650MB
2026-07-31T09:04:39.300Z INFO  [payment-service-4] SPIKE request completed reqId=REQ-200931 endpoint=/api/accounts status=200 latency=2499ms cpu=66% memory=1655MB dbTime=76ms activeThreads=71
2026-07-31T09:04:39.600Z INFO  [payment-service-1] SPIKE request completed reqId=REQ-200932 endpoint=/api/login status=200 latency=2508ms cpu=67% memory=1660MB dbTime=77ms activeThreads=72
2026-07-31T09:04:39.900Z INFO  [payment-service-2] SPIKE request completed reqId=REQ-200933 endpoint=/api/payments status=200 latency=2517ms cpu=68% memory=1665MB dbTime=78ms activeThreads=73
2026-07-31T09:04:40.200Z INFO  [payment-service-3] SPIKE request completed reqId=REQ-200934 endpoint=/api/payments/search status=200 latency=2526ms cpu=69% memory=1670MB dbTime=79ms activeThreads=74
2026-07-31T09:04:40.500Z INFO  [payment-service-4] Horizontal Pod Autoscaler scaled deployment from 2 to 5 replicas pendingRequests=1055
2026-07-31T09:04:40.800Z INFO  [payment-service-1] SPIKE request completed reqId=REQ-200936 endpoint=/api/login status=200 latency=2544ms cpu=71% memory=1680MB dbTime=81ms activeThreads=76
2026-07-31T09:04:41.100Z INFO  [payment-service-2] SPIKE request completed reqId=REQ-200937 endpoint=/api/payments status=200 latency=2553ms cpu=72% memory=1685MB dbTime=82ms activeThreads=77
2026-07-31T09:04:41.400Z INFO  [payment-service-3] SPIKE request completed reqId=REQ-200938 endpoint=/api/payments/search status=200 latency=2562ms cpu=73% memory=1690MB dbTime=83ms activeThreads=78
2026-07-31T09:04:41.700Z INFO  [payment-service-4] SPIKE request completed reqId=REQ-200939 endpoint=/api/accounts status=200 latency=2571ms cpu=74% memory=1695MB dbTime=84ms activeThreads=79
2026-07-31T09:04:42.000Z INFO  [payment-service-1] SPIKE request completed reqId=REQ-200940 endpoint=/api/login status=200 latency=2580ms cpu=75% memory=1700MB dbTime=85ms activeThreads=80
2026-07-31T09:04:42.300Z INFO  [payment-service-2] SPIKE request completed reqId=REQ-200941 endpoint=/api/payments status=200 latency=2589ms cpu=76% memory=1705MB dbTime=86ms activeThreads=81
2026-07-31T09:04:42.600Z INFO  [payment-service-3] SPIKE request completed reqId=REQ-200942 endpoint=/api/payments/search status=200 latency=2598ms cpu=77% memory=1710MB dbTime=87ms activeThreads=82
2026-07-31T09:04:42.900Z INFO  [payment-service-4] SPIKE request completed reqId=REQ-200943 endpoint=/api/accounts status=200 latency=2607ms cpu=78% memory=1715MB dbTime=88ms activeThreads=83
2026-07-31T09:04:43.200Z ERROR [payment-service-1] Kubernetes Liveness probe failed. Container restarting restartCount=16
2026-07-31T09:04:43.500Z INFO  [payment-service-2] SPIKE request completed reqId=REQ-200945 endpoint=/api/payments status=200 latency=2625ms cpu=80% memory=1725MB dbTime=90ms activeThreads=85
2026-07-31T09:04:43.800Z WARN  [payment-service-3] Response time exceeded SLA endpoint=/api/payments latency=2634ms threshold=1000ms cpu=81%
2026-07-31T09:04:44.100Z INFO  [payment-service-4] SPIKE request completed reqId=REQ-200947 endpoint=/api/accounts status=200 latency=2643ms cpu=82% memory=1735MB dbTime=92ms activeThreads=87
2026-07-31T09:04:44.400Z INFO  [payment-service-1] SPIKE request completed reqId=REQ-200948 endpoint=/api/login status=200 latency=2652ms cpu=83% memory=1740MB dbTime=93ms activeThreads=88
2026-07-31T09:04:44.700Z INFO  [payment-service-2] SPIKE request completed reqId=REQ-200949 endpoint=/api/payments status=200 latency=2661ms cpu=84% memory=1745MB dbTime=94ms activeThreads=89
2026-07-31T09:04:45.000Z INFO  [payment-service-3] SPIKE request completed reqId=REQ-200950 endpoint=/api/payments/search status=200 latency=2670ms cpu=85% memory=1750MB dbTime=95ms activeThreads=90
2026-07-31T09:04:45.300Z INFO  [payment-service-4] SPIKE request completed reqId=REQ-200951 endpoint=/api/accounts status=200 latency=2679ms cpu=86% memory=1755MB dbTime=96ms activeThreads=91
2026-07-31T09:04:45.600Z INFO  [payment-service-1] Horizontal Pod Autoscaler scaled deployment from 2 to 5 replicas pendingRequests=1072
2026-07-31T09:04:45.900Z INFO  [payment-service-2] SPIKE request completed reqId=REQ-200953 endpoint=/api/payments status=200 latency=2697ms cpu=88% memory=1765MB dbTime=98ms activeThreads=93
2026-07-31T09:04:46.200Z INFO  [payment-service-3] SPIKE request completed reqId=REQ-200954 endpoint=/api/payments/search status=200 latency=2706ms cpu=89% memory=1770MB dbTime=99ms activeThreads=94
2026-07-31T09:04:46.500Z INFO  [payment-service-4] SPIKE request completed reqId=REQ-200955 endpoint=/api/accounts status=200 latency=2715ms cpu=90% memory=1775MB dbTime=100ms activeThreads=95
2026-07-31T09:04:46.800Z INFO  [payment-service-1] SPIKE request completed reqId=REQ-200956 endpoint=/api/login status=200 latency=2724ms cpu=91% memory=1780MB dbTime=101ms activeThreads=96
2026-07-31T09:04:47.100Z INFO  [payment-service-2] SPIKE request completed reqId=REQ-200957 endpoint=/api/payments status=200 latency=2733ms cpu=92% memory=1785MB dbTime=102ms activeThreads=97
2026-07-31T09:04:47.400Z INFO  [payment-service-3] SPIKE request completed reqId=REQ-200958 endpoint=/api/payments/search status=200 latency=2742ms cpu=93% memory=1790MB dbTime=103ms activeThreads=98
2026-07-31T09:04:47.700Z INFO  [payment-service-4] SPIKE request completed reqId=REQ-200959 endpoint=/api/accounts status=200 latency=2751ms cpu=94% memory=1795MB dbTime=104ms activeThreads=99
2026-07-31T09:04:48.000Z INFO  [payment-service-1] SPIKE request completed reqId=REQ-200960 endpoint=/api/login status=200 latency=2760ms cpu=35% memory=1800MB dbTime=25ms activeThreads=100
2026-07-31T09:04:48.300Z WARN  [payment-service-2] Full GC pause duration=1861ms heapUsed=1805MB
2026-07-31T09:04:48.600Z INFO  [payment-service-3] SPIKE request completed reqId=REQ-200962 endpoint=/api/payments/search status=200 latency=2778ms cpu=37% memory=1810MB dbTime=27ms activeThreads=102
2026-07-31T09:04:48.900Z INFO  [payment-service-4] SPIKE request completed reqId=REQ-200963 endpoint=/api/accounts status=200 latency=2787ms cpu=38% memory=1815MB dbTime=28ms activeThreads=103
2026-07-31T09:04:49.200Z INFO  [payment-service-1] SPIKE request completed reqId=REQ-200964 endpoint=/api/login status=200 latency=2796ms cpu=39% memory=1820MB dbTime=29ms activeThreads=104
2026-07-31T09:04:49.500Z INFO  [payment-service-2] SPIKE request completed reqId=REQ-200965 endpoint=/api/payments status=200 latency=2805ms cpu=40% memory=1825MB dbTime=30ms activeThreads=105
2026-07-31T09:04:49.800Z INFO  [payment-service-3] SPIKE request completed reqId=REQ-200966 endpoint=/api/payments/search status=200 latency=2814ms cpu=41% memory=1830MB dbTime=31ms activeThreads=106
2026-07-31T09:04:50.100Z INFO  [payment-service-4] SPIKE request completed reqId=REQ-200967 endpoint=/api/accounts status=200 latency=2823ms cpu=42% memory=1835MB dbTime=32ms activeThreads=107
2026-07-31T09:04:50.400Z INFO  [payment-service-1] SPIKE request completed reqId=REQ-200968 endpoint=/api/login status=200 latency=2832ms cpu=43% memory=1840MB dbTime=33ms activeThreads=108
2026-07-31T09:04:50.700Z INFO  [payment-service-2] Horizontal Pod Autoscaler scaled deployment from 2 to 5 replicas pendingRequests=1089
2026-07-31T09:04:51.000Z ERROR [payment-service-3] HTTP 503 Service Unavailable reqId=REQ-200970 endpoint=/api/payments cause=Backend unavailable latency=2850ms cpu=45%
2026-07-31T09:04:51.300Z INFO  [payment-service-4] SPIKE request completed reqId=REQ-200971 endpoint=/api/accounts status=200 latency=2859ms cpu=46% memory=1855MB dbTime=36ms activeThreads=111
2026-07-31T09:04:51.600Z INFO  [payment-service-1] SPIKE request completed reqId=REQ-200972 endpoint=/api/login status=200 latency=2868ms cpu=47% memory=1860MB dbTime=37ms activeThreads=112
2026-07-31T09:04:51.900Z INFO  [payment-service-2] SPIKE request completed reqId=REQ-200973 endpoint=/api/payments status=200 latency=2877ms cpu=48% memory=1865MB dbTime=38ms activeThreads=113
2026-07-31T09:04:52.200Z INFO  [payment-service-3] SPIKE request completed reqId=REQ-200974 endpoint=/api/payments/search status=200 latency=2886ms cpu=49% memory=1870MB dbTime=39ms activeThreads=114
2026-07-31T09:04:52.500Z INFO  [payment-service-4] SPIKE request completed reqId=REQ-200975 endpoint=/api/accounts status=200 latency=2895ms cpu=50% memory=1875MB dbTime=40ms activeThreads=115
2026-07-31T09:04:52.800Z INFO  [payment-service-1] SPIKE request completed reqId=REQ-200976 endpoint=/api/login status=200 latency=2904ms cpu=51% memory=1880MB dbTime=41ms activeThreads=116
2026-07-31T09:04:53.100Z INFO  [payment-service-2] SPIKE request completed reqId=REQ-200977 endpoint=/api/payments status=200 latency=2913ms cpu=52% memory=1885MB dbTime=42ms activeThreads=117
2026-07-31T09:04:53.400Z INFO  [payment-service-3] SPIKE request completed reqId=REQ-200978 endpoint=/api/payments/search status=200 latency=2922ms cpu=53% memory=1890MB dbTime=43ms activeThreads=118
2026-07-31T09:04:53.700Z INFO  [payment-service-4] SPIKE request completed reqId=REQ-200979 endpoint=/api/accounts status=200 latency=2931ms cpu=54% memory=1895MB dbTime=44ms activeThreads=119
2026-07-31T09:04:54.000Z INFO  [payment-service-1] SPIKE request completed reqId=REQ-200980 endpoint=/api/login status=200 latency=2940ms cpu=55% memory=1900MB dbTime=45ms activeThreads=120
2026-07-31T09:04:54.300Z INFO  [payment-service-2] SPIKE request completed reqId=REQ-200981 endpoint=/api/payments status=200 latency=2949ms cpu=56% memory=1905MB dbTime=46ms activeThreads=121
2026-07-31T09:04:54.600Z INFO  [payment-service-3] SPIKE request completed reqId=REQ-200982 endpoint=/api/payments/search status=200 latency=2958ms cpu=57% memory=1910MB dbTime=47ms activeThreads=122
2026-07-31T09:04:54.900Z INFO  [payment-service-4] SPIKE request completed reqId=REQ-200983 endpoint=/api/accounts status=200 latency=2967ms cpu=58% memory=1915MB dbTime=48ms activeThreads=123
2026-07-31T09:04:55.200Z INFO  [payment-service-1] SPIKE request completed reqId=REQ-200984 endpoint=/api/login status=200 latency=2976ms cpu=59% memory=1920MB dbTime=49ms activeThreads=124
2026-07-31T09:04:55.500Z INFO  [payment-service-2] SPIKE request completed reqId=REQ-200985 endpoint=/api/payments status=200 latency=2985ms cpu=60% memory=1925MB dbTime=50ms activeThreads=125
2026-07-31T09:04:55.800Z INFO  [payment-service-3] Horizontal Pod Autoscaler scaled deployment from 2 to 5 replicas pendingRequests=1106
2026-07-31T09:04:56.100Z INFO  [payment-service-4] SPIKE request completed reqId=REQ-200987 endpoint=/api/accounts status=200 latency=3003ms cpu=62% memory=1935MB dbTime=52ms activeThreads=127
2026-07-31T09:04:56.400Z INFO  [payment-service-1] SPIKE request completed reqId=REQ-200988 endpoint=/api/login status=200 latency=3012ms cpu=63% memory=1940MB dbTime=53ms activeThreads=128
2026-07-31T09:04:56.700Z WARN  [payment-service-2] Response time exceeded SLA endpoint=/api/payments latency=3021ms threshold=1000ms cpu=64%
2026-07-31T09:04:57.000Z INFO  [payment-service-3] SPIKE request completed reqId=REQ-200990 endpoint=/api/payments/search status=200 latency=3030ms cpu=65% memory=1950MB dbTime=55ms activeThreads=130
2026-07-31T09:04:57.300Z INFO  [payment-service-4] SPIKE request completed reqId=REQ-200991 endpoint=/api/accounts status=200 latency=3039ms cpu=66% memory=1955MB dbTime=56ms activeThreads=131
2026-07-31T09:04:57.600Z WARN  [payment-service-1] Full GC pause duration=1892ms heapUsed=1960MB
2026-07-31T09:04:57.900Z INFO  [payment-service-2] SPIKE request completed reqId=REQ-200993 endpoint=/api/payments status=200 latency=3057ms cpu=68% memory=1965MB dbTime=58ms activeThreads=133
2026-07-31T09:04:58.200Z ERROR [payment-service-3] OutOfMemoryError: Java heap space heapUsed=1970MB heapMax=4096MB
2026-07-31T09:04:58.500Z INFO  [payment-service-4] SPIKE request completed reqId=REQ-200995 endpoint=/api/accounts status=200 latency=3075ms cpu=70% memory=1975MB dbTime=60ms activeThreads=135
2026-07-31T09:04:58.800Z ERROR [payment-service-1] java.sql.SQLTransientConnectionException: HikariPool-1 - Connection is not available, request timed out after 30000ms reqId=REQ-200996
2026-07-31T09:04:59.100Z INFO  [payment-service-2] SPIKE request completed reqId=REQ-200997 endpoint=/api/payments status=200 latency=3093ms cpu=72% memory=1985MB dbTime=62ms activeThreads=137
2026-07-31T09:04:59.400Z INFO  [payment-service-3] SPIKE request completed reqId=REQ-200998 endpoint=/api/payments/search status=200 latency=3102ms cpu=73% memory=1990MB dbTime=63ms activeThreads=138
2026-07-31T09:04:59.700Z INFO  [payment-service-4] SPIKE request completed reqId=REQ-200999 endpoint=/api/accounts status=200 latency=3111ms cpu=74% memory=1995MB dbTime=64ms activeThreads=139
